pair	N	S	alignmentcoverage	alignmentidentity	alignmentlength	dN	dN/dS	dS	family	g1	g2	l	node	node_averaged_dS_outlierexcluded	node_averaged_dS_outlierincluded	strippedalignmentlength	t	weightoutlierexcluded	weightoutlierincluded	gene1	gene2
Migut.A00340.1__Migut.A00349.1	NaN	NaN	NaN	NaN	NaN	NaN	NaN	NaN	GF00000001	egu1000.fasta_00348	egu1000.fasta_00339	NaN	NaN	NaN	NaN	NaN	NaN	NaN	NaN	Migut.A00349.1	Migut.A00340.1
Migut.A00342.1__Migut.A00349.1	NaN	NaN	NaN	NaN	NaN	NaN	NaN	NaN	GF00000001	egu1000.fasta_00348	egu1000.fasta_00341	NaN	NaN	NaN	NaN	NaN	NaN	NaN	NaN	Migut.A00349.1	Migut.A00342.1
Migut.A00315.1__Migut.A00349.1	NaN	NaN	NaN	NaN	NaN	NaN	NaN	NaN	GF00000001	egu1000.fasta_00348	egu1000.fasta_00314	NaN	NaN	NaN	NaN	NaN	NaN	NaN	NaN	Migut.A00349.1	Migut.A00315.1
Migut.A00344.1__Migut.A00349.1	NaN	NaN	NaN	NaN	NaN	NaN	NaN	NaN	GF00000001	egu1000.fasta_00348	egu1000.fasta_00343	NaN	NaN	NaN	NaN	NaN	NaN	NaN	NaN	Migut.A00349.1	Migut.A00344.1
Migut.A00349.1__Migut.A00380.1	NaN	NaN	NaN	NaN	NaN	NaN	NaN	NaN	GF00000001	egu1000.fasta_00348	egu1000.fasta_00379	NaN	NaN	NaN	NaN	NaN	NaN	NaN	NaN	Migut.A00349.1	Migut.A00380.1
Migut.A00349.1__Migut.A00382.1	NaN	NaN	NaN	NaN	NaN	NaN	NaN	NaN	GF00000001	egu1000.fasta_00348	egu1000.fasta_00381	NaN	NaN	NaN	NaN	NaN	NaN	NaN	NaN	Migut.A00349.1	Migut.A00382.1
Migut.A00314.1__Migut.A00349.1	NaN	NaN	NaN	NaN	NaN	NaN	NaN	NaN	GF00000001	egu1000.fasta_00348	egu1000.fasta_00313	NaN	NaN	NaN	NaN	NaN	NaN	NaN	NaN	Migut.A00349.1	Migut.A00314.1
Migut.A00349.1__Migut.A00375.1	NaN	NaN	NaN	NaN	NaN	NaN	NaN	NaN	GF00000001	egu1000.fasta_00348	egu1000.fasta_00374	NaN	NaN	NaN	NaN	NaN	NaN	NaN	NaN	Migut.A00349.1	Migut.A00375.1
Migut.A00348.1__Migut.A00349.1	NaN	NaN	NaN	NaN	NaN	NaN	NaN	NaN	GF00000001	egu1000.fasta_00348	egu1000.fasta_00347	NaN	NaN	NaN	NaN	NaN	NaN	NaN	NaN	Migut.A00349.1	Migut.A00348.1
Migut.A00347.1__Migut.A00349.1	NaN	NaN	NaN	NaN	NaN	NaN	NaN	NaN	GF00000001	egu1000.fasta_00348	egu1000.fasta_00346	NaN	NaN	NaN	NaN	NaN	NaN	NaN	NaN	Migut.A00349.1	Migut.A00347.1
Migut.A00346.1__Migut.A00349.1	NaN	NaN	NaN	NaN	NaN	NaN	NaN	NaN	GF00000001	egu1000.fasta_00348	egu1000.fasta_00345	NaN	NaN	NaN	NaN	NaN	NaN	NaN	NaN	Migut.A00349.1	Migut.A00346.1
Migut.A00349.1__Migut.A00374.1	NaN	NaN	NaN	NaN	NaN	NaN	NaN	NaN	GF00000001	egu1000.fasta_00348	egu1000.fasta_00373	NaN	NaN	NaN	NaN	NaN	NaN	NaN	NaN	Migut.A00349.1	Migut.A00374.1
Migut.A00343.1__Migut.A00349.1	NaN	NaN	NaN	NaN	NaN	NaN	NaN	NaN	GF00000001	egu1000.fasta_00348	egu1000.fasta_00342	NaN	NaN	NaN	NaN	NaN	NaN	NaN	NaN	Migut.A00349.1	Migut.A00343.1
Migut.A00340.1__Migut.A00342.1	NaN	NaN	NaN	NaN	NaN	NaN	NaN	NaN	GF00000001	egu1000.fasta_00339	egu1000.fasta_00341	NaN	NaN	NaN	NaN	NaN	NaN	NaN	NaN	Migut.A00340.1	Migut.A00342.1
Migut.A00315.1__Migut.A00340.1	NaN	NaN	NaN	NaN	NaN	NaN	NaN	NaN	GF00000001	egu1000.fasta_00339	egu1000.fasta_00314	NaN	NaN	NaN	NaN	NaN	NaN	NaN	NaN	Migut.A00340.1	Migut.A00315.1
Migut.A00340.1__Migut.A00344.1	NaN	NaN	NaN	NaN	NaN	NaN	NaN	NaN	GF00000001	egu1000.fasta_00339	egu1000.fasta_00343	NaN	NaN	NaN	NaN	NaN	NaN	NaN	NaN	Migut.A00340.1	Migut.A00344.1
Migut.A00340.1__Migut.A00380.1	NaN	NaN	NaN	NaN	NaN	NaN	NaN	NaN	GF00000001	egu1000.fasta_00339	egu1000.fasta_00379	NaN	NaN	NaN	NaN	NaN	NaN	NaN	NaN	Migut.A00340.1	Migut.A00380.1
Migut.A00340.1__Migut.A00382.1	NaN	NaN	NaN	NaN	NaN	NaN	NaN	NaN	GF00000001	egu1000.fasta_00339	egu1000.fasta_00381	NaN	NaN	NaN	NaN	NaN	NaN	NaN	NaN	Migut.A00340.1	Migut.A00382.1
Migut.A00314.1__Migut.A00340.1	NaN	NaN	NaN	NaN	NaN	NaN	NaN	NaN	GF00000001	egu1000.fasta_00339	egu1000.fasta_00313	NaN	NaN	NaN	NaN	NaN	NaN	NaN	NaN	Migut.A00340.1	Migut.A00314.1
Migut.A00340.1__Migut.A00375.1	NaN	NaN	NaN	NaN	NaN	NaN	NaN	NaN	GF00000001	egu1000.fasta_00339	egu1000.fasta_00374	NaN	NaN	NaN	NaN	NaN	NaN	NaN	NaN	Migut.A00340.1	Migut.A00375.1
Migut.A00340.1__Migut.A00348.1	NaN	NaN	NaN	NaN	NaN	NaN	NaN	NaN	GF00000001	egu1000.fasta_00339	egu1000.fasta_00347	NaN	NaN	NaN	NaN	NaN	NaN	NaN	NaN	Migut.A00340.1	Migut.A00348.1
Migut.A00340.1__Migut.A00347.1	NaN	NaN	NaN	NaN	NaN	NaN	NaN	NaN	GF00000001	egu1000.fasta_00339	egu1000.fasta_00346	NaN	NaN	NaN	NaN	NaN	NaN	NaN	NaN	Migut.A00340.1	Migut.A00347.1
Migut.A00340.1__Migut.A00346.1	NaN	NaN	NaN	NaN	NaN	NaN	NaN	NaN	GF00000001	egu1000.fasta_00339	egu1000.fasta_00345	NaN	NaN	NaN	NaN	NaN	NaN	NaN	NaN	Migut.A00340.1	Migut.A00346.1
Migut.A00340.1__Migut.A00374.1	NaN	NaN	NaN	NaN	NaN	NaN	NaN	NaN	GF00000001	egu1000.fasta_00339	egu1000.fasta_00373	NaN	NaN	NaN	NaN	NaN	NaN	NaN	NaN	Migut.A00340.1	Migut.A00374.1
Migut.A00340.1__Migut.A00343.1	NaN	NaN	NaN	NaN	NaN	NaN	NaN	NaN	GF00000001	egu1000.fasta_00339	egu1000.fasta_00342	NaN	NaN	NaN	NaN	NaN	NaN	NaN	NaN	Migut.A00340.1	Migut.A00343.1
Migut.A00315.1__Migut.A00342.1	NaN	NaN	NaN	NaN	NaN	NaN	NaN	NaN	GF00000001	egu1000.fasta_00341	egu1000.fasta_00314	NaN	NaN	NaN	NaN	NaN	NaN	NaN	NaN	Migut.A00342.1	Migut.A00315.1
Migut.A00342.1__Migut.A00344.1	NaN	NaN	NaN	NaN	NaN	NaN	NaN	NaN	GF00000001	egu1000.fasta_00341	egu1000.fasta_00343	NaN	NaN	NaN	NaN	NaN	NaN	NaN	NaN	Migut.A00342.1	Migut.A00344.1
Migut.A00342.1__Migut.A00380.1	NaN	NaN	NaN	NaN	NaN	NaN	NaN	NaN	GF00000001	egu1000.fasta_00341	egu1000.fasta_00379	NaN	NaN	NaN	NaN	NaN	NaN	NaN	NaN	Migut.A00342.1	Migut.A00380.1
Migut.A00342.1__Migut.A00382.1	NaN	NaN	NaN	NaN	NaN	NaN	NaN	NaN	GF00000001	egu1000.fasta_00341	egu1000.fasta_00381	NaN	NaN	NaN	NaN	NaN	NaN	NaN	NaN	Migut.A00342.1	Migut.A00382.1
Migut.A00314.1__Migut.A00342.1	NaN	NaN	NaN	NaN	NaN	NaN	NaN	NaN	GF00000001	egu1000.fasta_00341	egu1000.fasta_00313	NaN	NaN	NaN	NaN	NaN	NaN	NaN	NaN	Migut.A00342.1	Migut.A00314.1
Migut.A00342.1__Migut.A00375.1	NaN	NaN	NaN	NaN	NaN	NaN	NaN	NaN	GF00000001	egu1000.fasta_00341	egu1000.fasta_00374	NaN	NaN	NaN	NaN	NaN	NaN	NaN	NaN	Migut.A00342.1	Migut.A00375.1
Migut.A00342.1__Migut.A00348.1	NaN	NaN	NaN	NaN	NaN	NaN	NaN	NaN	GF00000001	egu1000.fasta_00341	egu1000.fasta_00347	NaN	NaN	NaN	NaN	NaN	NaN	NaN	NaN	Migut.A00342.1	Migut.A00348.1
Migut.A00342.1__Migut.A00347.1	NaN	NaN	NaN	NaN	NaN	NaN	NaN	NaN	GF00000001	egu1000.fasta_00341	egu1000.fasta_00346	NaN	NaN	NaN	NaN	NaN	NaN	NaN	NaN	Migut.A00342.1	Migut.A00347.1
Migut.A00342.1__Migut.A00346.1	NaN	NaN	NaN	NaN	NaN	NaN	NaN	NaN	GF00000001	egu1000.fasta_00341	egu1000.fasta_00345	NaN	NaN	NaN	NaN	NaN	NaN	NaN	NaN	Migut.A00342.1	Migut.A00346.1
Migut.A00342.1__Migut.A00374.1	NaN	NaN	NaN	NaN	NaN	NaN	NaN	NaN	GF00000001	egu1000.fasta_00341	egu1000.fasta_00373	NaN	NaN	NaN	NaN	NaN	NaN	NaN	NaN	Migut.A00342.1	Migut.A00374.1
Migut.A00342.1__Migut.A00343.1	NaN	NaN	NaN	NaN	NaN	NaN	NaN	NaN	GF00000001	egu1000.fasta_00341	egu1000.fasta_00342	NaN	NaN	NaN	NaN	NaN	NaN	NaN	NaN	Migut.A00342.1	Migut.A00343.1
Migut.A00315.1__Migut.A00344.1	NaN	NaN	NaN	NaN	NaN	NaN	NaN	NaN	GF00000001	egu1000.fasta_00314	egu1000.fasta_00343	NaN	NaN	NaN	NaN	NaN	NaN	NaN	NaN	Migut.A00315.1	Migut.A00344.1
Migut.A00315.1__Migut.A00380.1	NaN	NaN	NaN	NaN	NaN	NaN	NaN	NaN	GF00000001	egu1000.fasta_00314	egu1000.fasta_00379	NaN	NaN	NaN	NaN	NaN	NaN	NaN	NaN	Migut.A00315.1	Migut.A00380.1
Migut.A00315.1__Migut.A00382.1	NaN	NaN	NaN	NaN	NaN	NaN	NaN	NaN	GF00000001	egu1000.fasta_00314	egu1000.fasta_00381	NaN	NaN	NaN	NaN	NaN	NaN	NaN	NaN	Migut.A00315.1	Migut.A00382.1
Migut.A00314.1__Migut.A00315.1	NaN	NaN	NaN	NaN	NaN	NaN	NaN	NaN	GF00000001	egu1000.fasta_00314	egu1000.fasta_00313	NaN	NaN	NaN	NaN	NaN	NaN	NaN	NaN	Migut.A00315.1	Migut.A00314.1
Migut.A00315.1__Migut.A00375.1	NaN	NaN	NaN	NaN	NaN	NaN	NaN	NaN	GF00000001	egu1000.fasta_00314	egu1000.fasta_00374	NaN	NaN	NaN	NaN	NaN	NaN	NaN	NaN	Migut.A00315.1	Migut.A00375.1
Migut.A00315.1__Migut.A00348.1	NaN	NaN	NaN	NaN	NaN	NaN	NaN	NaN	GF00000001	egu1000.fasta_00314	egu1000.fasta_00347	NaN	NaN	NaN	NaN	NaN	NaN	NaN	NaN	Migut.A00315.1	Migut.A00348.1
Migut.A00315.1__Migut.A00347.1	NaN	NaN	NaN	NaN	NaN	NaN	NaN	NaN	GF00000001	egu1000.fasta_00314	egu1000.fasta_00346	NaN	NaN	NaN	NaN	NaN	NaN	NaN	NaN	Migut.A00315.1	Migut.A00347.1
Migut.A00315.1__Migut.A00346.1	NaN	NaN	NaN	NaN	NaN	NaN	NaN	NaN	GF00000001	egu1000.fasta_00314	egu1000.fasta_00345	NaN	NaN	NaN	NaN	NaN	NaN	NaN	NaN	Migut.A00315.1	Migut.A00346.1
Migut.A00315.1__Migut.A00374.1	NaN	NaN	NaN	NaN	NaN	NaN	NaN	NaN	GF00000001	egu1000.fasta_00314	egu1000.fasta_00373	NaN	NaN	NaN	NaN	NaN	NaN	NaN	NaN	Migut.A00315.1	Migut.A00374.1
Migut.A00315.1__Migut.A00343.1	NaN	NaN	NaN	NaN	NaN	NaN	NaN	NaN	GF00000001	egu1000.fasta_00314	egu1000.fasta_00342	NaN	NaN	NaN	NaN	NaN	NaN	NaN	NaN	Migut.A00315.1	Migut.A00343.1
Migut.A00344.1__Migut.A00380.1	NaN	NaN	NaN	NaN	NaN	NaN	NaN	NaN	GF00000001	egu1000.fasta_00343	egu1000.fasta_00379	NaN	NaN	NaN	NaN	NaN	NaN	NaN	NaN	Migut.A00344.1	Migut.A00380.1
Migut.A00344.1__Migut.A00382.1	NaN	NaN	NaN	NaN	NaN	NaN	NaN	NaN	GF00000001	egu1000.fasta_00343	egu1000.fasta_00381	NaN	NaN	NaN	NaN	NaN	NaN	NaN	NaN	Migut.A00344.1	Migut.A00382.1
Migut.A00314.1__Migut.A00344.1	NaN	NaN	NaN	NaN	NaN	NaN	NaN	NaN	GF00000001	egu1000.fasta_00343	egu1000.fasta_00313	NaN	NaN	NaN	NaN	NaN	NaN	NaN	NaN	Migut.A00344.1	Migut.A00314.1
Migut.A00344.1__Migut.A00375.1	NaN	NaN	NaN	NaN	NaN	NaN	NaN	NaN	GF00000001	egu1000.fasta_00343	egu1000.fasta_00374	NaN	NaN	NaN	NaN	NaN	NaN	NaN	NaN	Migut.A00344.1	Migut.A00375.1
Migut.A00344.1__Migut.A00348.1	NaN	NaN	NaN	NaN	NaN	NaN	NaN	NaN	GF00000001	egu1000.fasta_00343	egu1000.fasta_00347	NaN	NaN	NaN	NaN	NaN	NaN	NaN	NaN	Migut.A00344.1	Migut.A00348.1
Migut.A00344.1__Migut.A00347.1	NaN	NaN	NaN	NaN	NaN	NaN	NaN	NaN	GF00000001	egu1000.fasta_00343	egu1000.fasta_00346	NaN	NaN	NaN	NaN	NaN	NaN	NaN	NaN	Migut.A00344.1	Migut.A00347.1
Migut.A00344.1__Migut.A00346.1	NaN	NaN	NaN	NaN	NaN	NaN	NaN	NaN	GF00000001	egu1000.fasta_00343	egu1000.fasta_00345	NaN	NaN	NaN	NaN	NaN	NaN	NaN	NaN	Migut.A00344.1	Migut.A00346.1
Migut.A00344.1__Migut.A00374.1	NaN	NaN	NaN	NaN	NaN	NaN	NaN	NaN	GF00000001	egu1000.fasta_00343	egu1000.fasta_00373	NaN	NaN	NaN	NaN	NaN	NaN	NaN	NaN	Migut.A00344.1	Migut.A00374.1
Migut.A00343.1__Migut.A00344.1	NaN	NaN	NaN	NaN	NaN	NaN	NaN	NaN	GF00000001	egu1000.fasta_00343	egu1000.fasta_00342	NaN	NaN	NaN	NaN	NaN	NaN	NaN	NaN	Migut.A00344.1	Migut.A00343.1
Migut.A00380.1__Migut.A00382.1	NaN	NaN	NaN	NaN	NaN	NaN	NaN	NaN	GF00000001	egu1000.fasta_00379	egu1000.fasta_00381	NaN	NaN	NaN	NaN	NaN	NaN	NaN	NaN	Migut.A00380.1	Migut.A00382.1
Migut.A00314.1__Migut.A00380.1	NaN	NaN	NaN	NaN	NaN	NaN	NaN	NaN	GF00000001	egu1000.fasta_00379	egu1000.fasta_00313	NaN	NaN	NaN	NaN	NaN	NaN	NaN	NaN	Migut.A00380.1	Migut.A00314.1
Migut.A00375.1__Migut.A00380.1	NaN	NaN	NaN	NaN	NaN	NaN	NaN	NaN	GF00000001	egu1000.fasta_00379	egu1000.fasta_00374	NaN	NaN	NaN	NaN	NaN	NaN	NaN	NaN	Migut.A00380.1	Migut.A00375.1
Migut.A00348.1__Migut.A00380.1	NaN	NaN	NaN	NaN	NaN	NaN	NaN	NaN	GF00000001	egu1000.fasta_00379	egu1000.fasta_00347	NaN	NaN	NaN	NaN	NaN	NaN	NaN	NaN	Migut.A00380.1	Migut.A00348.1
Migut.A00347.1__Migut.A00380.1	NaN	NaN	NaN	NaN	NaN	NaN	NaN	NaN	GF00000001	egu1000.fasta_00379	egu1000.fasta_00346	NaN	NaN	NaN	NaN	NaN	NaN	NaN	NaN	Migut.A00380.1	Migut.A00347.1
Migut.A00346.1__Migut.A00380.1	NaN	NaN	NaN	NaN	NaN	NaN	NaN	NaN	GF00000001	egu1000.fasta_00379	egu1000.fasta_00345	NaN	NaN	NaN	NaN	NaN	NaN	NaN	NaN	Migut.A00380.1	Migut.A00346.1
Migut.A00374.1__Migut.A00380.1	NaN	NaN	NaN	NaN	NaN	NaN	NaN	NaN	GF00000001	egu1000.fasta_00379	egu1000.fasta_00373	NaN	NaN	NaN	NaN	NaN	NaN	NaN	NaN	Migut.A00380.1	Migut.A00374.1
Migut.A00343.1__Migut.A00380.1	NaN	NaN	NaN	NaN	NaN	NaN	NaN	NaN	GF00000001	egu1000.fasta_00379	egu1000.fasta_00342	NaN	NaN	NaN	NaN	NaN	NaN	NaN	NaN	Migut.A00380.1	Migut.A00343.1
Migut.A00314.1__Migut.A00382.1	NaN	NaN	NaN	NaN	NaN	NaN	NaN	NaN	GF00000001	egu1000.fasta_00381	egu1000.fasta_00313	NaN	NaN	NaN	NaN	NaN	NaN	NaN	NaN	Migut.A00382.1	Migut.A00314.1
Migut.A00375.1__Migut.A00382.1	NaN	NaN	NaN	NaN	NaN	NaN	NaN	NaN	GF00000001	egu1000.fasta_00381	egu1000.fasta_00374	NaN	NaN	NaN	NaN	NaN	NaN	NaN	NaN	Migut.A00382.1	Migut.A00375.1
Migut.A00348.1__Migut.A00382.1	NaN	NaN	NaN	NaN	NaN	NaN	NaN	NaN	GF00000001	egu1000.fasta_00381	egu1000.fasta_00347	NaN	NaN	NaN	NaN	NaN	NaN	NaN	NaN	Migut.A00382.1	Migut.A00348.1
Migut.A00347.1__Migut.A00382.1	NaN	NaN	NaN	NaN	NaN	NaN	NaN	NaN	GF00000001	egu1000.fasta_00381	egu1000.fasta_00346	NaN	NaN	NaN	NaN	NaN	NaN	NaN	NaN	Migut.A00382.1	Migut.A00347.1
Migut.A00346.1__Migut.A00382.1	NaN	NaN	NaN	NaN	NaN	NaN	NaN	NaN	GF00000001	egu1000.fasta_00381	egu1000.fasta_00345	NaN	NaN	NaN	NaN	NaN	NaN	NaN	NaN	Migut.A00382.1	Migut.A00346.1
Migut.A00374.1__Migut.A00382.1	NaN	NaN	NaN	NaN	NaN	NaN	NaN	NaN	GF00000001	egu1000.fasta_00381	egu1000.fasta_00373	NaN	NaN	NaN	NaN	NaN	NaN	NaN	NaN	Migut.A00382.1	Migut.A00374.1
Migut.A00343.1__Migut.A00382.1	NaN	NaN	NaN	NaN	NaN	NaN	NaN	NaN	GF00000001	egu1000.fasta_00381	egu1000.fasta_00342	NaN	NaN	NaN	NaN	NaN	NaN	NaN	NaN	Migut.A00382.1	Migut.A00343.1
Migut.A00314.1__Migut.A00375.1	NaN	NaN	NaN	NaN	NaN	NaN	NaN	NaN	GF00000001	egu1000.fasta_00313	egu1000.fasta_00374	NaN	NaN	NaN	NaN	NaN	NaN	NaN	NaN	Migut.A00314.1	Migut.A00375.1
Migut.A00314.1__Migut.A00348.1	NaN	NaN	NaN	NaN	NaN	NaN	NaN	NaN	GF00000001	egu1000.fasta_00313	egu1000.fasta_00347	NaN	NaN	NaN	NaN	NaN	NaN	NaN	NaN	Migut.A00314.1	Migut.A00348.1
Migut.A00314.1__Migut.A00347.1	NaN	NaN	NaN	NaN	NaN	NaN	NaN	NaN	GF00000001	egu1000.fasta_00313	egu1000.fasta_00346	NaN	NaN	NaN	NaN	NaN	NaN	NaN	NaN	Migut.A00314.1	Migut.A00347.1
Migut.A00314.1__Migut.A00346.1	NaN	NaN	NaN	NaN	NaN	NaN	NaN	NaN	GF00000001	egu1000.fasta_00313	egu1000.fasta_00345	NaN	NaN	NaN	NaN	NaN	NaN	NaN	NaN	Migut.A00314.1	Migut.A00346.1
Migut.A00314.1__Migut.A00374.1	NaN	NaN	NaN	NaN	NaN	NaN	NaN	NaN	GF00000001	egu1000.fasta_00313	egu1000.fasta_00373	NaN	NaN	NaN	NaN	NaN	NaN	NaN	NaN	Migut.A00314.1	Migut.A00374.1
Migut.A00314.1__Migut.A00343.1	NaN	NaN	NaN	NaN	NaN	NaN	NaN	NaN	GF00000001	egu1000.fasta_00313	egu1000.fasta_00342	NaN	NaN	NaN	NaN	NaN	NaN	NaN	NaN	Migut.A00314.1	Migut.A00343.1
Migut.A00348.1__Migut.A00375.1	NaN	NaN	NaN	NaN	NaN	NaN	NaN	NaN	GF00000001	egu1000.fasta_00374	egu1000.fasta_00347	NaN	NaN	NaN	NaN	NaN	NaN	NaN	NaN	Migut.A00375.1	Migut.A00348.1
Migut.A00347.1__Migut.A00375.1	NaN	NaN	NaN	NaN	NaN	NaN	NaN	NaN	GF00000001	egu1000.fasta_00374	egu1000.fasta_00346	NaN	NaN	NaN	NaN	NaN	NaN	NaN	NaN	Migut.A00375.1	Migut.A00347.1
Migut.A00346.1__Migut.A00375.1	NaN	NaN	NaN	NaN	NaN	NaN	NaN	NaN	GF00000001	egu1000.fasta_00374	egu1000.fasta_00345	NaN	NaN	NaN	NaN	NaN	NaN	NaN	NaN	Migut.A00375.1	Migut.A00346.1
Migut.A00374.1__Migut.A00375.1	NaN	NaN	NaN	NaN	NaN	NaN	NaN	NaN	GF00000001	egu1000.fasta_00374	egu1000.fasta_00373	NaN	NaN	NaN	NaN	NaN	NaN	NaN	NaN	Migut.A00375.1	Migut.A00374.1
Migut.A00343.1__Migut.A00375.1	NaN	NaN	NaN	NaN	NaN	NaN	NaN	NaN	GF00000001	egu1000.fasta_00374	egu1000.fasta_00342	NaN	NaN	NaN	NaN	NaN	NaN	NaN	NaN	Migut.A00375.1	Migut.A00343.1
Migut.A00347.1__Migut.A00348.1	NaN	NaN	NaN	NaN	NaN	NaN	NaN	NaN	GF00000001	egu1000.fasta_00347	egu1000.fasta_00346	NaN	NaN	NaN	NaN	NaN	NaN	NaN	NaN	Migut.A00348.1	Migut.A00347.1
Migut.A00346.1__Migut.A00348.1	NaN	NaN	NaN	NaN	NaN	NaN	NaN	NaN	GF00000001	egu1000.fasta_00347	egu1000.fasta_00345	NaN	NaN	NaN	NaN	NaN	NaN	NaN	NaN	Migut.A00348.1	Migut.A00346.1
Migut.A00348.1__Migut.A00374.1	NaN	NaN	NaN	NaN	NaN	NaN	NaN	NaN	GF00000001	egu1000.fasta_00347	egu1000.fasta_00373	NaN	NaN	NaN	NaN	NaN	NaN	NaN	NaN	Migut.A00348.1	Migut.A00374.1
Migut.A00343.1__Migut.A00348.1	NaN	NaN	NaN	NaN	NaN	NaN	NaN	NaN	GF00000001	egu1000.fasta_00347	egu1000.fasta_00342	NaN	NaN	NaN	NaN	NaN	NaN	NaN	NaN	Migut.A00348.1	Migut.A00343.1
Migut.A00346.1__Migut.A00347.1	NaN	NaN	NaN	NaN	NaN	NaN	NaN	NaN	GF00000001	egu1000.fasta_00346	egu1000.fasta_00345	NaN	NaN	NaN	NaN	NaN	NaN	NaN	NaN	Migut.A00347.1	Migut.A00346.1
Migut.A00347.1__Migut.A00374.1	NaN	NaN	NaN	NaN	NaN	NaN	NaN	NaN	GF00000001	egu1000.fasta_00346	egu1000.fasta_00373	NaN	NaN	NaN	NaN	NaN	NaN	NaN	NaN	Migut.A00347.1	Migut.A00374.1
Migut.A00343.1__Migut.A00347.1	NaN	NaN	NaN	NaN	NaN	NaN	NaN	NaN	GF00000001	egu1000.fasta_00346	egu1000.fasta_00342	NaN	NaN	NaN	NaN	NaN	NaN	NaN	NaN	Migut.A00347.1	Migut.A00343.1
Migut.A00346.1__Migut.A00374.1	NaN	NaN	NaN	NaN	NaN	NaN	NaN	NaN	GF00000001	egu1000.fasta_00345	egu1000.fasta_00373	NaN	NaN	NaN	NaN	NaN	NaN	NaN	NaN	Migut.A00346.1	Migut.A00374.1
Migut.A00343.1__Migut.A00346.1	NaN	NaN	NaN	NaN	NaN	NaN	NaN	NaN	GF00000001	egu1000.fasta_00345	egu1000.fasta_00342	NaN	NaN	NaN	NaN	NaN	NaN	NaN	NaN	Migut.A00346.1	Migut.A00343.1
Migut.A00343.1__Migut.A00374.1	NaN	NaN	NaN	NaN	NaN	NaN	NaN	NaN	GF00000001	egu1000.fasta_00373	egu1000.fasta_00342	NaN	NaN	NaN	NaN	NaN	NaN	NaN	NaN	Migut.A00374.1	Migut.A00343.1
Migut.A00071.1__Migut.A00195.1	539.8	165.2	0.1804915514592933	0.0893617021276595	3906.0	0.889	0.0846	10.5097	GF00000002	egu1000.fasta_00070	egu1000.fasta_00194	-1837.296736	6.0	NaN	10.5097	705.0	9.4317	NaN	1.0	Migut.A00071.1	Migut.A00195.1
Migut.A00137.1__Migut.A00195.1	546.5	158.5	0.1804915514592933	0.0893617021276595	3906.0	1.0202	0.1148	8.8905	GF00000002	egu1000.fasta_00136	egu1000.fasta_00194	-1833.736218	0.0	3.7347	45.7848	705.0	8.3695	NaN	0.037037037037037	Migut.A00137.1	Migut.A00195.1
Migut.A00071.1__Migut.A00137.1	536.4	168.6	0.1804915514592933	0.0893617021276595	3906.0	0.7955	0.072	11.0466	GF00000002	egu1000.fasta_00136	egu1000.fasta_00070	-1820.301182	0.0	3.7347	45.7848	705.0	9.7396	NaN	0.037037037037037	Migut.A00137.1	Migut.A00071.1
Migut.A00195.1__Migut.A00449.1	539.7	165.3	0.1804915514592933	0.0893617021276595	3906.0	0.9834	0.1796	5.4765	GF00000002	egu1000.fasta_00448	egu1000.fasta_00194	-1862.243819	0.0	3.7347	45.7848	705.0	6.1106	NaN	0.037037037037037	Migut.A00449.1	Migut.A00195.1
Migut.A00071.1__Migut.A00449.1	537.7	167.3	0.1804915514592933	0.0893617021276595	3906.0	0.7006	0.0103	67.9669	GF00000002	egu1000.fasta_00448	egu1000.fasta_00070	-1818.761493	0.0	3.7347	45.7848	705.0	50.0	NaN	0.037037037037037	Migut.A00449.1	Migut.A00071.1
Migut.A00137.1__Migut.A00212.1	529.1	175.9	0.1804915514592933	0.0893617021276595	3906.0	0.9008	0.0358	25.1429	GF00000002	egu1000.fasta_00211	egu1000.fasta_00136	-1838.155247	0.0	3.7347	45.7848	705.0	20.8444	NaN	0.037037037037037	Migut.A00212.1	Migut.A00137.1
Migut.A00212.1__Migut.A00449.1	536.7	168.3	0.1804915514592933	0.0893617021276595	3906.0	0.6097	0.0168	36.2072	GF00000002	egu1000.fasta_00211	egu1000.fasta_00448	-1796.771469	0.0	3.7347	45.7848	705.0	27.3263	NaN	0.037037037037037	Migut.A00212.1	Migut.A00449.1
Migut.A00137.1__Migut.A00181.1	553.3	151.7	0.1804915514592933	0.0893617021276595	3906.0	0.8785	0.0118	74.2535	GF00000002	egu1000.fasta_00180	egu1000.fasta_00136	-1835.34237	0.0	3.7347	45.7848	705.0	50.0	NaN	0.037037037037037	Migut.A00181.1	Migut.A00137.1
Migut.A00181.1__Migut.A00449.1	528.1	176.9	0.1804915514592933	0.0893617021276595	3906.0	0.8338	0.0534	15.6278	GF00000002	egu1000.fasta_00180	egu1000.fasta_00448	-1842.819011	0.0	3.7347	45.7848	705.0	13.6372	NaN	0.037037037037037	Migut.A00181.1	Migut.A00449.1
Migut.A00137.1__Migut.A00210.1	527.6	177.4	0.1804915514592933	0.0893617021276595	3906.0	0.8812	0.0382	23.0621	GF00000002	egu1000.fasta_00209	egu1000.fasta_00136	-1828.600231	0.0	3.7347	45.7848	705.0	19.3919	NaN	0.037037037037037	Migut.A00210.1	Migut.A00137.1
Migut.A00210.1__Migut.A00449.1	536.8	168.2	0.1804915514592933	0.0893617021276595	3906.0	0.6077	0.0089	67.9148	GF00000002	egu1000.fasta_00209	egu1000.fasta_00448	-1791.335707	0.0	3.7347	45.7848	705.0	50.0	NaN	0.037037037037037	Migut.A00210.1	Migut.A00449.1
Migut.A00050.1__Migut.A00137.1	541.7	163.3	0.1804915514592933	0.0893617021276595	3906.0	0.8958	0.0383	23.404	GF00000002	egu1000.fasta_00049	egu1000.fasta_00136	-1839.206531	0.0	3.7347	45.7848	705.0	18.3299	NaN	0.037037037037037	Migut.A00050.1	Migut.A00137.1
Migut.A00050.1__Migut.A00449.1	531.9	173.1	0.1804915514592933	0.0893617021276595	3906.0	0.7148	0.0109	65.677	GF00000002	egu1000.fasta_00049	egu1000.fasta_00448	-1819.23725	0.0	3.7347	45.7848	705.0	50.0	NaN	0.037037037037037	Migut.A00050.1	Migut.A00449.1
Migut.A00137.1__Migut.A00448.1	528.7	176.3	0.1804915514592933	0.0893617021276595	3906.0	0.9647	0.079	12.2108	GF00000002	egu1000.fasta_00447	egu1000.fasta_00136	-1856.078903	0.0	3.7347	45.7848	705.0	11.3299	NaN	0.037037037037037	Migut.A00448.1	Migut.A00137.1
Migut.A00448.1__Migut.A00449.1	533.7	171.3	0.1804915514592933	0.0893617021276595	3906.0	0.9208	0.014	65.733	GF00000002	egu1000.fasta_00447	egu1000.fasta_00448	-1852.997202	0.0	3.7347	45.7848	705.0	50.0	NaN	0.037037037037037	Migut.A00448.1	Migut.A00449.1
Migut.A00137.1__Migut.A00325.1	542.2	162.8	0.1804915514592933	0.0893617021276595	3906.0	0.753	0.0108	69.6793	GF00000002	egu1000.fasta_00324	egu1000.fasta_00136	-1809.337863	0.0	3.7347	45.7848	705.0	50.0	NaN	0.037037037037037	Migut.A00325.1	Migut.A00137.1
Migut.A00325.1__Migut.A00449.1	541.4	163.6	0.1804915514592933	0.0893617021276595	3906.0	0.6813	0.1824	3.7347	GF00000002	egu1000.fasta_00324	egu1000.fasta_00448	-1808.308343	0.0	3.7347	45.7848	705.0	4.1694	1.0	0.037037037037037	Migut.A00325.1	Migut.A00449.1
Migut.A00090.1__Migut.A00195.1	542.1	162.9	0.1804915514592933	0.0893617021276595	3906.0	1.1241	0.0164	68.3769	GF00000002	egu1000.fasta_00089	egu1000.fasta_00194	-1865.529315	0.0	3.7347	45.7848	705.0	50.0	NaN	0.037037037037037	Migut.A00090.1	Migut.A00195.1
Migut.A00071.1__Migut.A00090.1	522.3	182.7	0.1804915514592933	0.0893617021276595	3906.0	0.8814	0.0208	42.4264	GF00000002	egu1000.fasta_00089	egu1000.fasta_00070	-1846.445911	0.0	3.7347	45.7848	705.0	34.9482	NaN	0.037037037037037	Migut.A00090.1	Migut.A00071.1
Migut.A00090.1__Migut.A00212.1	528.3	176.7	0.1804915514592933	0.0893617021276595	3906.0	0.7863	0.0123	64.1492	GF00000002	egu1000.fasta_00089	egu1000.fasta_00211	-1836.257884	0.0	3.7347	45.7848	705.0	50.0	NaN	0.037037037037037	Migut.A00090.1	Migut.A00212.1
Migut.A00090.1__Migut.A00181.1	545.3	159.7	0.1804915514592933	0.0893617021276595	3906.0	0.8794	0.0125	70.5896	GF00000002	egu1000.fasta_00089	egu1000.fasta_00180	-1848.575471	0.0	3.7347	45.7848	705.0	50.0	NaN	0.037037037037037	Migut.A00090.1	Migut.A00181.1
Migut.A00090.1__Migut.A00210.1	534.6	170.4	0.1804915514592933	0.0893617021276595	3906.0	0.7421	0.0111	66.6361	GF00000002	egu1000.fasta_00089	egu1000.fasta_00209	-1825.627424	0.0	3.7347	45.7848	705.0	50.0	NaN	0.037037037037037	Migut.A00090.1	Migut.A00210.1
Migut.A00050.1__Migut.A00090.1	540.8	164.2	0.1804915514592933	0.0893617021276595	3906.0	0.9547	0.014	68.4104	GF00000002	egu1000.fasta_00089	egu1000.fasta_00049	-1860.198264	0.0	3.7347	45.7848	705.0	50.0	NaN	0.037037037037037	Migut.A00090.1	Migut.A00050.1
Migut.A00090.1__Migut.A00448.1	520.9	184.1	0.1804915514592933	0.0893617021276595	3906.0	1.235	0.0877	14.0844	GF00000002	egu1000.fasta_00089	egu1000.fasta_00447	-1878.947735	0.0	3.7347	45.7848	705.0	13.769	NaN	0.037037037037037	Migut.A00090.1	Migut.A00448.1
Migut.A00090.1__Migut.A00325.1	536.2	168.8	0.1804915514592933	0.0893617021276595	3906.0	0.7965	0.0119	67.0639	GF00000002	egu1000.fasta_00089	egu1000.fasta_00324	-1829.785947	0.0	3.7347	45.7848	705.0	50.0	NaN	0.037037037037037	Migut.A00090.1	Migut.A00325.1
Migut.A00137.1__Migut.A00497.1	542.9	162.1	0.1804915514592933	0.0893617021276595	3906.0	0.7631	0.0109	69.915	GF00000002	egu1000.fasta_00496	egu1000.fasta_00136	-1830.881237	0.0	3.7347	45.7848	705.0	50.0	NaN	0.037037037037037	Migut.A00497.1	Migut.A00137.1
Migut.A00449.1__Migut.A00497.1	522.8	182.2	0.1804915514592933	0.0893617021276595	3906.0	0.714	0.0114	62.4462	GF00000002	egu1000.fasta_00496	egu1000.fasta_00448	-1821.188202	0.0	3.7347	45.7848	705.0	50.0	NaN	0.037037037037037	Migut.A00497.1	Migut.A00449.1
Migut.A00090.1__Migut.A00497.1	533.8	171.2	0.1804915514592933	0.0893617021276595	3906.0	0.8207	0.0124	66.0639	GF00000002	egu1000.fasta_00496	egu1000.fasta_00089	-1847.352991	0.0	3.7347	45.7848	705.0	50.0	NaN	0.037037037037037	Migut.A00497.1	Migut.A00090.1
Migut.A00137.1__Migut.A00449.1	530.8	174.2	0.1804915514592933	0.0893617021276595	3906.0	0.7662	0.0118	65.1163	GF00000002	egu1000.fasta_00448	egu1000.fasta_00136	-1836.718701	9.0	NaN	65.81039999999999	705.0	50.0	NaN	0.5	Migut.A00449.1	Migut.A00137.1
Migut.A00090.1__Migut.A00449.1	534.7	170.3	0.1804915514592933	0.0893617021276595	3906.0	0.792	0.0119	66.5045	GF00000002	egu1000.fasta_00089	egu1000.fasta_00448	-1842.531752	9.0	NaN	65.81039999999999	705.0	50.0	NaN	0.5	Migut.A00090.1	Migut.A00449.1
Migut.A00195.1__Migut.A00212.1	534.3	170.7	0.1804915514592933	0.0893617021276595	3906.0	0.9	0.0136	66.0351	GF00000002	egu1000.fasta_00211	egu1000.fasta_00194	-1831.323576	1.0	3.6658666666666666	40.81221428571428	705.0	50.0	NaN	0.0714285714285714	Migut.A00212.1	Migut.A00195.1
Migut.A00071.1__Migut.A00212.1	537.5	167.5	0.1804915514592933	0.0893617021276595	3906.0	0.581	0.0085	68.3027	GF00000002	egu1000.fasta_00211	egu1000.fasta_00070	-1785.780427	1.0	3.6658666666666666	40.81221428571428	705.0	50.0	NaN	0.0714285714285714	Migut.A00212.1	Migut.A00071.1
Migut.A00181.1__Migut.A00212.1	544.8	160.2	0.1804915514592933	0.0893617021276595	3906.0	0.6496	0.0091	71.155	GF00000002	egu1000.fasta_00180	egu1000.fasta_00211	-1795.744387	1.0	3.6658666666666666	40.81221428571428	705.0	50.0	NaN	0.0714285714285714	Migut.A00181.1	Migut.A00212.1
Migut.A00195.1__Migut.A00210.1	533.4	171.6	0.1804915514592933	0.0893617021276595	3906.0	0.9067	0.0818	11.0804	GF00000002	egu1000.fasta_00209	egu1000.fasta_00194	-1833.863568	1.0	3.6658666666666666	40.81221428571428	705.0	10.1511	NaN	0.0714285714285714	Migut.A00210.1	Migut.A00195.1
Migut.A00071.1__Migut.A00210.1	539.7	165.3	0.1804915514592933	0.0893617021276595	3906.0	0.5717	0.0083	69.2085	GF00000002	egu1000.fasta_00209	egu1000.fasta_00070	-1774.25963	1.0	3.6658666666666666	40.81221428571428	705.0	50.0	NaN	0.0714285714285714	Migut.A00210.1	Migut.A00071.1
Migut.A00181.1__Migut.A00210.1	542.9	162.1	0.1804915514592933	0.0893617021276595	3906.0	0.6499	0.0636	10.2205	GF00000002	egu1000.fasta_00209	egu1000.fasta_00180	-1790.922594	1.0	3.6658666666666666	40.81221428571428	705.0	8.5499	NaN	0.0714285714285714	Migut.A00210.1	Migut.A00181.1
Migut.A00050.1__Migut.A00212.1	529.6	175.4	0.1804915514592933	0.0893617021276595	3906.0	0.7173	0.1954	3.6705	GF00000002	egu1000.fasta_00049	egu1000.fasta_00211	-1801.826385	1.0	3.6658666666666666	40.81221428571428	705.0	4.3567	0.3333333333333333	0.0714285714285714	Migut.A00050.1	Migut.A00212.1
Migut.A00050.1__Migut.A00210.1	526.4	178.6	0.1804915514592933	0.0893617021276595	3906.0	0.7301	0.1907	3.8276	GF00000002	egu1000.fasta_00049	egu1000.fasta_00209	-1798.711247	1.0	3.6658666666666666	40.81221428571428	705.0	4.5443	0.3333333333333333	0.0714285714285714	Migut.A00050.1	Migut.A00210.1
Migut.A00212.1__Migut.A00448.1	525.5	179.5	0.1804915514592933	0.0893617021276595	3906.0	0.843	0.0134	62.9865	GF00000002	egu1000.fasta_00447	egu1000.fasta_00211	-1834.961229	1.0	3.6658666666666666	40.81221428571428	705.0	50.0	NaN	0.0714285714285714	Migut.A00448.1	Migut.A00212.1
Migut.A00210.1__Migut.A00448.1	525.0	180.0	0.1804915514592933	0.0893617021276595	3906.0	0.9051	0.0145	62.6329	GF00000002	egu1000.fasta_00447	egu1000.fasta_00209	-1840.041591	1.0	3.6658666666666666	40.81221428571428	705.0	50.0	NaN	0.0714285714285714	Migut.A00448.1	Migut.A00210.1
Migut.A00212.1__Migut.A00325.1	535.2	169.8	0.1804915514592933	0.0893617021276595	3906.0	0.6634	0.0099	67.099	GF00000002	egu1000.fasta_00324	egu1000.fasta_00211	-1782.93784	1.0	3.6658666666666666	40.81221428571428	705.0	50.0	NaN	0.0714285714285714	Migut.A00325.1	Migut.A00212.1
Migut.A00210.1__Migut.A00325.1	531.0	174.0	0.1804915514592933	0.0893617021276595	3906.0	0.6409	0.0098	65.5592	GF00000002	egu1000.fasta_00324	egu1000.fasta_00209	-1770.630716	1.0	3.6658666666666666	40.81221428571428	705.0	50.0	NaN	0.0714285714285714	Migut.A00325.1	Migut.A00210.1
Migut.A00212.1__Migut.A00497.1	521.2	183.8	0.1804915514592933	0.0893617021276595	3906.0	0.569	0.0934	6.0936	GF00000002	egu1000.fasta_00496	egu1000.fasta_00211	-1763.129218	1.0	3.6658666666666666	40.81221428571428	705.0	6.0275	NaN	0.0714285714285714	Migut.A00497.1	Migut.A00212.1
Migut.A00210.1__Migut.A00497.1	518.4	186.6	0.1804915514592933	0.0893617021276595	3906.0	0.6124	0.175	3.4995	GF00000002	egu1000.fasta_00496	egu1000.fasta_00209	-1771.306336	1.0	3.6658666666666666	40.81221428571428	705.0	4.1299	0.3333333333333333	0.0714285714285714	Migut.A00497.1	Migut.A00210.1
Migut.A00181.1__Migut.A00195.1	542.6	162.4	0.1804915514592933	0.0893617021276595	3906.0	0.9447	0.1095	8.6252	GF00000002	egu1000.fasta_00180	egu1000.fasta_00194	-1831.401448	4.0	NaN	38.053875	705.0	8.1431	NaN	0.25	Migut.A00181.1	Migut.A00195.1
Migut.A00071.1__Migut.A00181.1	547.6	157.4	0.1804915514592933	0.0893617021276595	3906.0	0.5593	0.0077	72.7143	GF00000002	egu1000.fasta_00180	egu1000.fasta_00070	-1772.980082	4.0	NaN	38.053875	705.0	50.0	NaN	0.25	Migut.A00181.1	Migut.A00071.1
Migut.A00195.1__Migut.A00448.1	531.9	173.1	0.1804915514592933	0.0893617021276595	3906.0	1.0394	0.0161	64.6837	GF00000002	egu1000.fasta_00447	egu1000.fasta_00194	-1859.295062	4.0	NaN	38.053875	705.0	50.0	NaN	0.25	Migut.A00448.1	Migut.A00195.1
Migut.A00071.1__Migut.A00448.1	534.6	170.4	0.1804915514592933	0.0893617021276595	3906.0	0.8179	0.1321	6.1923	GF00000002	egu1000.fasta_00447	egu1000.fasta_00070	-1833.259471	4.0	NaN	38.053875	705.0	6.3505	NaN	0.25	Migut.A00448.1	Migut.A00071.1
Migut.A00210.1__Migut.A00212.1	522.1	182.9	0.1804915514592933	0.0893617021276595	3906.0	0.0908	0.1408	0.645	GF00000002	egu1000.fasta_00209	egu1000.fasta_00211	-1349.142553	8.0	0.645	0.645	705.0	0.7038	1.0	1.0	Migut.A00210.1	Migut.A00212.1
Migut.A00050.1__Migut.A00195.1	531.8	173.2	0.1804915514592933	0.0893617021276595	3906.0	1.0896	0.1762	6.1834	GF00000002	egu1000.fasta_00049	egu1000.fasta_00194	-1849.295923	3.0	4.7509	46.1295	705.0	7.0234	NaN	0.125	Migut.A00050.1	Migut.A00195.1
Migut.A00050.1__Migut.A00071.1	529.0	176.0	0.1804915514592933	0.0893617021276595	3906.0	0.6864	0.0106	64.6851	GF00000002	egu1000.fasta_00049	egu1000.fasta_00070	-1804.703554	3.0	4.7509	46.1295	705.0	50.0	NaN	0.125	Migut.A00050.1	Migut.A00071.1
Migut.A00050.1__Migut.A00181.1	548.1	156.9	0.1804915514592933	0.0893617021276595	3906.0	0.604	0.1271	4.7509	GF00000002	egu1000.fasta_00049	egu1000.fasta_00180	-1782.020607	3.0	4.7509	46.1295	705.0	4.5812	1.0	0.125	Migut.A00050.1	Migut.A00181.1
Migut.A00050.1__Migut.A00448.1	533.9	171.1	0.1804915514592933	0.0893617021276595	3906.0	0.8298	0.0126	66.0661	GF00000002	egu1000.fasta_00447	egu1000.fasta_00049	-1835.732639	3.0	4.7509	46.1295	705.0	50.0	NaN	0.125	Migut.A00448.1	Migut.A00050.1
Migut.A00195.1__Migut.A00325.1	547.6	157.4	0.1804915514592933	0.0893617021276595	3906.0	0.8932	0.0363	24.5944	GF00000002	egu1000.fasta_00324	egu1000.fasta_00194	-1826.545204	3.0	4.7509	46.1295	705.0	18.5518	NaN	0.125	Migut.A00325.1	Migut.A00195.1
Migut.A00071.1__Migut.A00325.1	527.8	177.2	0.1804915514592933	0.0893617021276595	3906.0	0.6026	0.0093	64.5085	GF00000002	egu1000.fasta_00324	egu1000.fasta_00070	-1771.29573	3.0	4.7509	46.1295	705.0	50.0	NaN	0.125	Migut.A00325.1	Migut.A00071.1
Migut.A00181.1__Migut.A00325.1	548.8	156.2	0.1804915514592933	0.0893617021276595	3906.0	0.6985	0.0096	72.7875	GF00000002	egu1000.fasta_00324	egu1000.fasta_00180	-1799.834543	3.0	4.7509	46.1295	705.0	50.0	NaN	0.125	Migut.A00325.1	Migut.A00181.1
Migut.A00325.1__Migut.A00448.1	532.0	173.0	0.1804915514592933	0.0893617021276595	3906.0	0.8032	0.0123	65.4601	GF00000002	egu1000.fasta_00324	egu1000.fasta_00447	-1825.070941	3.0	4.7509	46.1295	705.0	50.0	NaN	0.125	Migut.A00325.1	Migut.A00448.1
Migut.A00181.1__Migut.A00448.1	547.4	157.6	0.1804915514592933	0.0893617021276595	3906.0	0.8632	0.0121	71.556	GF00000002	egu1000.fasta_00447	egu1000.fasta_00180	-1848.238659	5.0	NaN	71.556	705.0	50.0	NaN	1.0	Migut.A00448.1	Migut.A00181.1
Migut.A00050.1__Migut.A00325.1	542.4	162.6	0.1804915514592933	0.0893617021276595	3906.0	0.6444	0.0092	70.1216	GF00000002	egu1000.fasta_00324	egu1000.fasta_00049	-1789.044019	7.0	NaN	70.1216	705.0	50.0	NaN	1.0	Migut.A00325.1	Migut.A00050.1
Migut.A00090.1__Migut.A00137.1	538.4	166.6	0.1804915514592933	0.0893617021276595	3906.0	0.6504	0.0842	7.7264	GF00000002	egu1000.fasta_00089	egu1000.fasta_00136	-1790.410934	10.0	NaN	7.7264	705.0	6.9673	NaN	1.0	Migut.A00090.1	Migut.A00137.1
Migut.A00195.1__Migut.A00497.1	542.6	162.4	0.1804915514592933	0.0893617021276595	3906.0	0.9015	0.013	69.3505	GF00000002	egu1000.fasta_00496	egu1000.fasta_00194	-1839.241482	2.0	4.2827	57.0266	705.0	50.0	NaN	0.1666666666666666	Migut.A00497.1	Migut.A00195.1
Migut.A00071.1__Migut.A00497.1	532.2	172.8	0.1804915514592933	0.0893617021276595	3906.0	0.6303	0.1472	4.2827	GF00000002	egu1000.fasta_00496	egu1000.fasta_00070	-1795.82453	2.0	4.2827	57.0266	705.0	4.5763	1.0	0.1666666666666666	Migut.A00497.1	Migut.A00071.1
Migut.A00181.1__Migut.A00497.1	548.7	156.3	0.1804915514592933	0.0893617021276595	3906.0	0.5705	0.0078	73.1939	GF00000002	egu1000.fasta_00496	egu1000.fasta_00180	-1782.342343	2.0	4.2827	57.0266	705.0	50.0	NaN	0.1666666666666666	Migut.A00497.1	Migut.A00181.1
Migut.A00050.1__Migut.A00497.1	533.3	171.7	0.1804915514592933	0.0893617021276595	3906.0	0.6219	0.0094	66.4839	GF00000002	egu1000.fasta_00496	egu1000.fasta_00049	-1795.494375	2.0	4.2827	57.0266	705.0	50.0	NaN	0.1666666666666666	Migut.A00497.1	Migut.A00050.1
Migut.A00448.1__Migut.A00497.1	525.7	179.3	0.1804915514592933	0.0893617021276595	3906.0	0.822	0.013	63.1377	GF00000002	egu1000.fasta_00496	egu1000.fasta_00447	-1834.298386	2.0	4.2827	57.0266	705.0	50.0	NaN	0.1666666666666666	Migut.A00497.1	Migut.A00448.1
Migut.A00325.1__Migut.A00497.1	531.1	173.9	0.1804915514592933	0.0893617021276595	3906.0	0.6115	0.0093	65.7109	GF00000002	egu1000.fasta_00496	egu1000.fasta_00324	-1783.352812	2.0	4.2827	57.0266	705.0	50.0	NaN	0.1666666666666666	Migut.A00497.1	Migut.A00325.1
Migut.A00377.1__Migut.A00381.1	NaN	NaN	NaN	NaN	NaN	NaN	NaN	NaN	GF00000003	egu1000.fasta_00376	egu1000.fasta_00380	NaN	NaN	NaN	NaN	NaN	NaN	NaN	NaN	Migut.A00377.1	Migut.A00381.1
Migut.A00368.1__Migut.A00377.1	NaN	NaN	NaN	NaN	NaN	NaN	NaN	NaN	GF00000003	egu1000.fasta_00376	egu1000.fasta_00367	NaN	NaN	NaN	NaN	NaN	NaN	NaN	NaN	Migut.A00377.1	Migut.A00368.1
Migut.A00377.1__Migut.A00379.1	NaN	NaN	NaN	NaN	NaN	NaN	NaN	NaN	GF00000003	egu1000.fasta_00376	egu1000.fasta_00378	NaN	NaN	NaN	NaN	NaN	NaN	NaN	NaN	Migut.A00377.1	Migut.A00379.1
Migut.A00369.1__Migut.A00377.1	NaN	NaN	NaN	NaN	NaN	NaN	NaN	NaN	GF00000003	egu1000.fasta_00376	egu1000.fasta_00368	NaN	NaN	NaN	NaN	NaN	NaN	NaN	NaN	Migut.A00377.1	Migut.A00369.1
Migut.A00372.1__Migut.A00377.1	NaN	NaN	NaN	NaN	NaN	NaN	NaN	NaN	GF00000003	egu1000.fasta_00376	egu1000.fasta_00371	NaN	NaN	NaN	NaN	NaN	NaN	NaN	NaN	Migut.A00377.1	Migut.A00372.1
Migut.A00376.1__Migut.A00377.1	NaN	NaN	NaN	NaN	NaN	NaN	NaN	NaN	GF00000003	egu1000.fasta_00376	egu1000.fasta_00375	NaN	NaN	NaN	NaN	NaN	NaN	NaN	NaN	Migut.A00377.1	Migut.A00376.1
Migut.A00371.1__Migut.A00377.1	NaN	NaN	NaN	NaN	NaN	NaN	NaN	NaN	GF00000003	egu1000.fasta_00376	egu1000.fasta_00370	NaN	NaN	NaN	NaN	NaN	NaN	NaN	NaN	Migut.A00377.1	Migut.A00371.1
Migut.A00377.1__Migut.A00378.1	NaN	NaN	NaN	NaN	NaN	NaN	NaN	NaN	GF00000003	egu1000.fasta_00376	egu1000.fasta_00377	NaN	NaN	NaN	NaN	NaN	NaN	NaN	NaN	Migut.A00377.1	Migut.A00378.1
Migut.A00368.1__Migut.A00381.1	NaN	NaN	NaN	NaN	NaN	NaN	NaN	NaN	GF00000003	egu1000.fasta_00380	egu1000.fasta_00367	NaN	NaN	NaN	NaN	NaN	NaN	NaN	NaN	Migut.A00381.1	Migut.A00368.1
Migut.A00379.1__Migut.A00381.1	NaN	NaN	NaN	NaN	NaN	NaN	NaN	NaN	GF00000003	egu1000.fasta_00380	egu1000.fasta_00378	NaN	NaN	NaN	NaN	NaN	NaN	NaN	NaN	Migut.A00381.1	Migut.A00379.1
Migut.A00369.1__Migut.A00381.1	NaN	NaN	NaN	NaN	NaN	NaN	NaN	NaN	GF00000003	egu1000.fasta_00380	egu1000.fasta_00368	NaN	NaN	NaN	NaN	NaN	NaN	NaN	NaN	Migut.A00381.1	Migut.A00369.1
Migut.A00372.1__Migut.A00381.1	NaN	NaN	NaN	NaN	NaN	NaN	NaN	NaN	GF00000003	egu1000.fasta_00380	egu1000.fasta_00371	NaN	NaN	NaN	NaN	NaN	NaN	NaN	NaN	Migut.A00381.1	Migut.A00372.1
Migut.A00376.1__Migut.A00381.1	NaN	NaN	NaN	NaN	NaN	NaN	NaN	NaN	GF00000003	egu1000.fasta_00380	egu1000.fasta_00375	NaN	NaN	NaN	NaN	NaN	NaN	NaN	NaN	Migut.A00381.1	Migut.A00376.1
Migut.A00371.1__Migut.A00381.1	NaN	NaN	NaN	NaN	NaN	NaN	NaN	NaN	GF00000003	egu1000.fasta_00380	egu1000.fasta_00370	NaN	NaN	NaN	NaN	NaN	NaN	NaN	NaN	Migut.A00381.1	Migut.A00371.1
Migut.A00378.1__Migut.A00381.1	NaN	NaN	NaN	NaN	NaN	NaN	NaN	NaN	GF00000003	egu1000.fasta_00380	egu1000.fasta_00377	NaN	NaN	NaN	NaN	NaN	NaN	NaN	NaN	Migut.A00381.1	Migut.A00378.1
Migut.A00368.1__Migut.A00379.1	NaN	NaN	NaN	NaN	NaN	NaN	NaN	NaN	GF00000003	egu1000.fasta_00367	egu1000.fasta_00378	NaN	NaN	NaN	NaN	NaN	NaN	NaN	NaN	Migut.A00368.1	Migut.A00379.1
Migut.A00368.1__Migut.A00369.1	NaN	NaN	NaN	NaN	NaN	NaN	NaN	NaN	GF00000003	egu1000.fasta_00367	egu1000.fasta_00368	NaN	NaN	NaN	NaN	NaN	NaN	NaN	NaN	Migut.A00368.1	Migut.A00369.1
Migut.A00368.1__Migut.A00372.1	NaN	NaN	NaN	NaN	NaN	NaN	NaN	NaN	GF00000003	egu1000.fasta_00367	egu1000.fasta_00371	NaN	NaN	NaN	NaN	NaN	NaN	NaN	NaN	Migut.A00368.1	Migut.A00372.1
Migut.A00368.1__Migut.A00376.1	NaN	NaN	NaN	NaN	NaN	NaN	NaN	NaN	GF00000003	egu1000.fasta_00367	egu1000.fasta_00375	NaN	NaN	NaN	NaN	NaN	NaN	NaN	NaN	Migut.A00368.1	Migut.A00376.1
Migut.A00368.1__Migut.A00371.1	NaN	NaN	NaN	NaN	NaN	NaN	NaN	NaN	GF00000003	egu1000.fasta_00367	egu1000.fasta_00370	NaN	NaN	NaN	NaN	NaN	NaN	NaN	NaN	Migut.A00368.1	Migut.A00371.1
Migut.A00368.1__Migut.A00378.1	NaN	NaN	NaN	NaN	NaN	NaN	NaN	NaN	GF00000003	egu1000.fasta_00367	egu1000.fasta_00377	NaN	NaN	NaN	NaN	NaN	NaN	NaN	NaN	Migut.A00368.1	Migut.A00378.1
Migut.A00369.1__Migut.A00379.1	NaN	NaN	NaN	NaN	NaN	NaN	NaN	NaN	GF00000003	egu1000.fasta_00378	egu1000.fasta_00368	NaN	NaN	NaN	NaN	NaN	NaN	NaN	NaN	Migut.A00379.1	Migut.A00369.1
Migut.A00372.1__Migut.A00379.1	NaN	NaN	NaN	NaN	NaN	NaN	NaN	NaN	GF00000003	egu1000.fasta_00378	egu1000.fasta_00371	NaN	NaN	NaN	NaN	NaN	NaN	NaN	NaN	Migut.A00379.1	Migut.A00372.1
Migut.A00376.1__Migut.A00379.1	NaN	NaN	NaN	NaN	NaN	NaN	NaN	NaN	GF00000003	egu1000.fasta_00378	egu1000.fasta_00375	NaN	NaN	NaN	NaN	NaN	NaN	NaN	NaN	Migut.A00379.1	Migut.A00376.1
Migut.A00371.1__Migut.A00379.1	NaN	NaN	NaN	NaN	NaN	NaN	NaN	NaN	GF00000003	egu1000.fasta_00378	egu1000.fasta_00370	NaN	NaN	NaN	NaN	NaN	NaN	NaN	NaN	Migut.A00379.1	Migut.A00371.1
Migut.A00378.1__Migut.A00379.1	NaN	NaN	NaN	NaN	NaN	NaN	NaN	NaN	GF00000003	egu1000.fasta_00378	egu1000.fasta_00377	NaN	NaN	NaN	NaN	NaN	NaN	NaN	NaN	Migut.A00379.1	Migut.A00378.1
Migut.A00369.1__Migut.A00372.1	NaN	NaN	NaN	NaN	NaN	NaN	NaN	NaN	GF00000003	egu1000.fasta_00368	egu1000.fasta_00371	NaN	NaN	NaN	NaN	NaN	NaN	NaN	NaN	Migut.A00369.1	Migut.A00372.1
Migut.A00369.1__Migut.A00376.1	NaN	NaN	NaN	NaN	NaN	NaN	NaN	NaN	GF00000003	egu1000.fasta_00368	egu1000.fasta_00375	NaN	NaN	NaN	NaN	NaN	NaN	NaN	NaN	Migut.A00369.1	Migut.A00376.1
Migut.A00369.1__Migut.A00371.1	NaN	NaN	NaN	NaN	NaN	NaN	NaN	NaN	GF00000003	egu1000.fasta_00368	egu1000.fasta_00370	NaN	NaN	NaN	NaN	NaN	NaN	NaN	NaN	Migut.A00369.1	Migut.A00371.1
Migut.A00369.1__Migut.A00378.1	NaN	NaN	NaN	NaN	NaN	NaN	NaN	NaN	GF00000003	egu1000.fasta_00368	egu1000.fasta_00377	NaN	NaN	NaN	NaN	NaN	NaN	NaN	NaN	Migut.A00369.1	Migut.A00378.1
Migut.A00372.1__Migut.A00376.1	NaN	NaN	NaN	NaN	NaN	NaN	NaN	NaN	GF00000003	egu1000.fasta_00371	egu1000.fasta_00375	NaN	NaN	NaN	NaN	NaN	NaN	NaN	NaN	Migut.A00372.1	Migut.A00376.1
Migut.A00371.1__Migut.A00372.1	NaN	NaN	NaN	NaN	NaN	NaN	NaN	NaN	GF00000003	egu1000.fasta_00371	egu1000.fasta_00370	NaN	NaN	NaN	NaN	NaN	NaN	NaN	NaN	Migut.A00372.1	Migut.A00371.1
Migut.A00372.1__Migut.A00378.1	NaN	NaN	NaN	NaN	NaN	NaN	NaN	NaN	GF00000003	egu1000.fasta_00371	egu1000.fasta_00377	NaN	NaN	NaN	NaN	NaN	NaN	NaN	NaN	Migut.A00372.1	Migut.A00378.1
Migut.A00371.1__Migut.A00376.1	NaN	NaN	NaN	NaN	NaN	NaN	NaN	NaN	GF00000003	egu1000.fasta_00375	egu1000.fasta_00370	NaN	NaN	NaN	NaN	NaN	NaN	NaN	NaN	Migut.A00376.1	Migut.A00371.1
Migut.A00376.1__Migut.A00378.1	NaN	NaN	NaN	NaN	NaN	NaN	NaN	NaN	GF00000003	egu1000.fasta_00375	egu1000.fasta_00377	NaN	NaN	NaN	NaN	NaN	NaN	NaN	NaN	Migut.A00376.1	Migut.A00378.1
Migut.A00371.1__Migut.A00378.1	NaN	NaN	NaN	NaN	NaN	NaN	NaN	NaN	GF00000003	egu1000.fasta_00370	egu1000.fasta_00377	NaN	NaN	NaN	NaN	NaN	NaN	NaN	NaN	Migut.A00371.1	Migut.A00378.1
Migut.A00409.1__Migut.A00412.1	1319.3	495.7	0.596646942800789	0.5074380165289256	3042.0	0.1976	0.1471	1.3435	GF00000004	egu1000.fasta_00411	egu1000.fasta_00408	-3884.476369	0.0	1.14079	1.14079	1815.0	1.5315	0.1	0.1	Migut.A00412.1	Migut.A00409.1
Migut.A00412.1__Migut.A00415.1	1295.2	519.8	0.596646942800789	0.5074380165289256	3042.0	0.1416	0.1526	0.9277	GF00000004	egu1000.fasta_00414	egu1000.fasta_00411	-3684.411042	0.0	1.14079	1.14079	1815.0	1.1002	0.1	0.1	Migut.A00415.1	Migut.A00412.1
Migut.A00409.1__Migut.A00414.1	1316.4	498.6	0.596646942800789	0.5074380165289256	3042.0	0.2227	0.1844	1.208	GF00000004	egu1000.fasta_00413	egu1000.fasta_00408	-3938.443978	0.0	1.14079	1.14079	1815.0	1.4802	0.1	0.1	Migut.A00414.1	Migut.A00409.1
Migut.A00414.1__Migut.A00415.1	1273.8	541.2	0.596646942800789	0.5074380165289256	3042.0	0.1567	0.164	0.9558	GF00000004	egu1000.fasta_00413	egu1000.fasta_00414	-3709.591149	0.0	1.14079	1.14079	1815.0	1.185	0.1	0.1	Migut.A00414.1	Migut.A00415.1
Migut.A00409.1__Migut.A00411.1	1314.0	501.0	0.596646942800789	0.5074380165289256	3042.0	0.2149	0.1588	1.3531	GF00000004	egu1000.fasta_00410	egu1000.fasta_00408	-3937.587676	0.0	1.14079	1.14079	1815.0	1.5873	0.1	0.1	Migut.A00411.1	Migut.A00409.1
Migut.A00411.1__Migut.A00415.1	1294.2	520.8	0.596646942800789	0.5074380165289256	3042.0	0.1556	0.1556	1.0001	GF00000004	egu1000.fasta_00410	egu1000.fasta_00414	-3740.812371	0.0	1.14079	1.14079	1815.0	1.1937	0.1	0.1	Migut.A00411.1	Migut.A00415.1
Migut.A00409.1__Migut.A00413.1	1322.5	492.5	0.596646942800789	0.5074380165289256	3042.0	0.2021	0.1525	1.3252	GF00000004	egu1000.fasta_00412	egu1000.fasta_00408	-3890.212036	0.0	1.14079	1.14079	1815.0	1.5208	0.1	0.1	Migut.A00413.1	Migut.A00409.1
Migut.A00413.1__Migut.A00415.1	1300.1	514.9	0.596646942800789	0.5074380165289256	3042.0	0.152	0.1468	1.0358	GF00000004	egu1000.fasta_00412	egu1000.fasta_00414	-3732.210026	0.0	1.14079	1.14079	1815.0	1.2082	0.1	0.1	Migut.A00413.1	Migut.A00415.1
Migut.A00409.1__Migut.A00410.1	1310.3	504.7	0.596646942800789	0.5074380165289256	3042.0	0.1981	0.1613	1.2286	GF00000004	egu1000.fasta_00409	egu1000.fasta_00408	-3882.325994	0.0	1.14079	1.14079	1815.0	1.4541	0.1	0.1	Migut.A00410.1	Migut.A00409.1
Migut.A00410.1__Migut.A00415.1	1278.0	537.0	0.596646942800789	0.5074380165289256	3042.0	0.1463	0.142	1.0301	GF00000004	egu1000.fasta_00409	egu1000.fasta_00414	-3709.838602	0.0	1.14079	1.14079	1815.0	1.2234	0.1	0.1	Migut.A00410.1	Migut.A00415.1
Migut.A00409.1__Migut.A00415.1	1317.7	497.3	0.596646942800789	0.5074380165289256	3042.0	0.1623	0.1324	1.2256	GF00000004	egu1000.fasta_00414	egu1000.fasta_00408	-3803.865094	1.0	1.2256	1.2256	1815.0	1.361	1.0	1.0	Migut.A00415.1	Migut.A00409.1
Migut.A00412.1__Migut.A00414.1	1316.1	498.9	0.596646942800789	0.5074380165289256	3042.0	0.0859	0.3219	0.2668	GF00000004	egu1000.fasta_00413	egu1000.fasta_00411	-3253.750697	5.0	0.2668	0.2668	1815.0	0.4067	1.0	1.0	Migut.A00414.1	Migut.A00412.1
Migut.A00411.1__Migut.A00412.1	1314.0	501.0	0.596646942800789	0.5074380165289256	3042.0	0.1484	0.3303	0.4492	GF00000004	egu1000.fasta_00410	egu1000.fasta_00411	-3576.014475	3.0	0.4146999999999999	0.4146999999999999	1815.0	0.6942	0.25	0.25	Migut.A00411.1	Migut.A00412.1
Migut.A00411.1__Migut.A00414.1	1307.7	507.3	0.596646942800789	0.5074380165289256	3042.0	0.1549	0.3901	0.3972	GF00000004	egu1000.fasta_00410	egu1000.fasta_00413	-3562.192305	3.0	0.4146999999999999	0.4146999999999999	1815.0	0.668	0.25	0.25	Migut.A00411.1	Migut.A00414.1
Migut.A00412.1__Migut.A00413.1	1325.9	489.1	0.596646942800789	0.5074380165289256	3042.0	0.1518	0.3476	0.4367	GF00000004	egu1000.fasta_00412	egu1000.fasta_00411	-3574.027058	3.0	0.4146999999999999	0.4146999999999999	1815.0	0.6858	0.25	0.25	Migut.A00413.1	Migut.A00412.1
Migut.A00413.1__Migut.A00414.1	1319.0	496.0	0.596646942800789	0.5074380165289256	3042.0	0.1549	0.4124	0.3757	GF00000004	egu1000.fasta_00412	egu1000.fasta_00413	-3546.371717	3.0	0.4146999999999999	0.4146999999999999	1815.0	0.6458	0.25	0.25	Migut.A00413.1	Migut.A00414.1
Migut.A00411.1__Migut.A00413.1	1331.2	483.8	0.596646942800789	0.5074380165289256	3042.0	0.0756	0.3366	0.2246	GF00000004	egu1000.fasta_00412	egu1000.fasta_00410	-3188.390899	4.0	0.2246	0.2246	1815.0	0.346	1.0	1.0	Migut.A00413.1	Migut.A00411.1
Migut.A00410.1__Migut.A00412.1	1303.2	511.8	0.596646942800789	0.5074380165289256	3042.0	0.1521	0.3806	0.3996	GF00000004	egu1000.fasta_00409	egu1000.fasta_00411	-3547.902592	2.0	0.4111	0.4111	1815.0	0.6657	0.25	0.25	Migut.A00410.1	Migut.A00412.1
Migut.A00410.1__Migut.A00414.1	1302.3	512.7	0.596646942800789	0.5074380165289256	3042.0	0.1611	0.4473	0.3601	GF00000004	egu1000.fasta_00409	egu1000.fasta_00413	-3558.808702	2.0	0.4111	0.4111	1815.0	0.6519	0.25	0.25	Migut.A00410.1	Migut.A00414.1
Migut.A00410.1__Migut.A00411.1	1306.6	508.4	0.596646942800789	0.5074380165289256	3042.0	0.1694	0.368	0.4604	GF00000004	egu1000.fasta_00409	egu1000.fasta_00410	-3645.533428	2.0	0.4111	0.4111	1815.0	0.7527	0.25	0.25	Migut.A00410.1	Migut.A00411.1
Migut.A00410.1__Migut.A00413.1	1319.2	495.8	0.596646942800789	0.5074380165289256	3042.0	0.168	0.396	0.4243	GF00000004	egu1000.fasta_00409	egu1000.fasta_00412	-3623.689886	2.0	0.4111	0.4111	1815.0	0.7141	0.25	0.25	Migut.A00410.1	Migut.A00413.1
Migut.A00180.1__Migut.A00393.1	959.2	321.8	0.5138387484957883	0.1350507416081186	2493.0	0.6631	0.0103	64.3732	GF00000005	egu1000.fasta_00392	egu1000.fasta_00179	-3236.440962	2.0	NaN	31.212475	1281.0	50.0	NaN	0.25	Migut.A00393.1	Migut.A00180.1
Migut.A00253.1__Migut.A00393.1	959.4	321.6	0.5138387484957883	0.1350507416081186	2493.0	0.7214	0.0505	14.2991	GF00000005	egu1000.fasta_00252	egu1000.fasta_00392	-3254.04429	2.0	NaN	31.212475	1281.0	12.3888	NaN	0.25	Migut.A00253.1	Migut.A00393.1
Migut.A00118.1__Migut.A00393.1	964.3	316.7	0.5138387484957883	0.1350507416081186	2493.0	0.6908	0.02	34.49	GF00000005	egu1000.fasta_00117	egu1000.fasta_00392	-3248.091061	2.0	NaN	31.212475	1281.0	27.1408	NaN	0.25	Migut.A00118.1	Migut.A00393.1
Migut.A00393.1__Migut.A00445.1	974.6	306.4	0.5138387484957883	0.1350507416081186	2493.0	0.7474	0.0639	11.6876	GF00000005	egu1000.fasta_00444	egu1000.fasta_00392	-3284.637946	2.0	NaN	31.212475	1281.0	10.0929	NaN	0.25	Migut.A00445.1	Migut.A00393.1
Migut.A00180.1__Migut.A00252.1	970.0	311.0	0.5138387484957883	0.1350507416081186	2493.0	0.7043	0.0106	66.4593	GF00000005	egu1000.fasta_00251	egu1000.fasta_00179	-3270.102553	0.0	NaN	49.09727	1281.0	50.0	NaN	0.1	Migut.A00252.1	Migut.A00180.1
Migut.A00252.1__Migut.A00393.1	963.0	318.0	0.5138387484957883	0.1350507416081186	2493.0	0.753	0.0499	15.0848	GF00000005	egu1000.fasta_00251	egu1000.fasta_00392	-3259.771792	0.0	NaN	49.09727	1281.0	12.9307	NaN	0.1	Migut.A00252.1	Migut.A00393.1
Migut.A00180.1__Migut.A00478.1	948.2	332.8	0.5138387484957883	0.1350507416081186	2493.0	0.7429	0.0492	15.1045	GF00000005	egu1000.fasta_00477	egu1000.fasta_00179	-3289.365154	0.0	NaN	49.09727	1281.0	13.4209	NaN	0.1	Migut.A00478.1	Migut.A00180.1
Migut.A00393.1__Migut.A00478.1	947.8	333.2	0.5138387484957883	0.1350507416081186	2493.0	0.8386	0.1602	5.2351	GF00000005	egu1000.fasta_00477	egu1000.fasta_00392	-3304.100319	0.0	NaN	49.09727	1281.0	5.9461	NaN	0.1	Migut.A00478.1	Migut.A00393.1
Migut.A00252.1__Migut.A00253.1	966.9	314.1	0.5138387484957883	0.1350507416081186	2493.0	0.6985	0.0106	65.8231	GF00000005	egu1000.fasta_00252	egu1000.fasta_00251	-3248.774281	0.0	NaN	49.09727	1281.0	50.0	NaN	0.1	Migut.A00253.1	Migut.A00252.1
Migut.A00253.1__Migut.A00478.1	950.3	330.7	0.5138387484957883	0.1350507416081186	2493.0	0.7833	0.0126	62.3102	GF00000005	egu1000.fasta_00252	egu1000.fasta_00477	-3292.808126	0.0	NaN	49.09727	1281.0	50.0	NaN	0.1	Migut.A00253.1	Migut.A00478.1
Migut.A00118.1__Migut.A00252.1	970.4	310.6	0.5138387484957883	0.1350507416081186	2493.0	0.6484	0.0097	66.7048	GF00000005	egu1000.fasta_00117	egu1000.fasta_00251	-3235.136984	0.0	NaN	49.09727	1281.0	50.0	NaN	0.1	Migut.A00118.1	Migut.A00252.1
Migut.A00118.1__Migut.A00478.1	957.4	323.6	0.5138387484957883	0.1350507416081186	2493.0	0.7025	0.011	63.8953	GF00000005	egu1000.fasta_00117	egu1000.fasta_00477	-3282.299373	0.0	NaN	49.09727	1281.0	50.0	NaN	0.1	Migut.A00118.1	Migut.A00478.1
Migut.A00252.1__Migut.A00445.1	972.4	308.6	0.5138387484957883	0.1350507416081186	2493.0	0.7432	0.0111	66.8415	GF00000005	egu1000.fasta_00444	egu1000.fasta_00251	-3283.990918	0.0	NaN	49.09727	1281.0	50.0	NaN	0.1	Migut.A00445.1	Migut.A00252.1
Migut.A00445.1__Migut.A00478.1	956.3	324.7	0.5138387484957883	0.1350507416081186	2493.0	0.7606	0.012	63.5141	GF00000005	egu1000.fasta_00444	egu1000.fasta_00477	-3311.717663	0.0	NaN	49.09727	1281.0	50.0	NaN	0.1	Migut.A00445.1	Migut.A00478.1
Migut.A00252.1__Migut.A00478.1	952.7	328.3	0.5138387484957883	0.1350507416081186	2493.0	0.7554	0.012	62.8459	GF00000005	egu1000.fasta_00477	egu1000.fasta_00251	-3288.074341	1.0	NaN	62.8459	1281.0	50.0	NaN	1.0	Migut.A00478.1	Migut.A00252.1
Migut.A00180.1__Migut.A00253.1	961.5	319.5	0.5138387484957883	0.1350507416081186	2493.0	0.5372	0.0938	5.7269	GF00000005	egu1000.fasta_00252	egu1000.fasta_00179	-3166.676824	5.0	NaN	5.7269	1281.0	5.4943	NaN	1.0	Migut.A00253.1	Migut.A00180.1
Migut.A00118.1__Migut.A00180.1	970.0	311.0	0.5138387484957883	0.1350507416081186	2493.0	0.5691	0.0093	61.1623	GF00000005	egu1000.fasta_00117	egu1000.fasta_00179	-3213.56176	3.0	NaN	58.569500000000005	1281.0	45.8384	NaN	0.3333333333333333	Migut.A00118.1	Migut.A00180.1
Migut.A00118.1__Migut.A00253.1	977.6	303.4	0.5138387484957883	0.1350507416081186	2493.0	0.5918	0.0086	68.4669	GF00000005	egu1000.fasta_00117	egu1000.fasta_00252	-3218.266231	3.0	NaN	58.569500000000005	1281.0	50.0	NaN	0.3333333333333333	Migut.A00118.1	Migut.A00253.1
Migut.A00118.1__Migut.A00445.1	980.9	300.1	0.5138387484957883	0.1350507416081186	2493.0	0.6487	0.0141	46.0793	GF00000005	egu1000.fasta_00444	egu1000.fasta_00117	-3259.458213	3.0	NaN	58.569500000000005	1281.0	33.87	NaN	0.3333333333333333	Migut.A00445.1	Migut.A00118.1
Migut.A00180.1__Migut.A00445.1	973.1	307.9	0.5138387484957883	0.1350507416081186	2493.0	0.5829	0.015	38.7458	GF00000005	egu1000.fasta_00444	egu1000.fasta_00179	-3229.597433	4.0	NaN	26.4494	1281.0	29.2668	NaN	0.5	Migut.A00445.1	Migut.A00180.1
Migut.A00253.1__Migut.A00445.1	971.2	309.8	0.5138387484957883	0.1350507416081186	2493.0	0.6891	0.0487	14.153	GF00000005	egu1000.fasta_00444	egu1000.fasta_00252	-3264.809192	4.0	NaN	26.4494	1281.0	11.8344	NaN	0.5	Migut.A00445.1	Migut.A00253.1
Migut.A00294.1__Migut.A00298.1	815.5	435.5	0.9065217391304348	0.5699440447641887	1380.0	0.0	0.001	0.0047	GF00000006	egu1000.fasta_00297	egu1000.fasta_00293	-1705.55311	4.0	0.0047	0.0047	1251.0	0.0049	1.0	1.0	Migut.A00298.1	Migut.A00294.1
Migut.A00294.1__Migut.A00299.1	911.1	339.9	0.9065217391304348	0.5699440447641887	1380.0	0.2415	0.1981	1.219	GF00000006	egu1000.fasta_00298	egu1000.fasta_00293	-2760.398235	0.0	1.26985	1.26985	1251.0	1.5213	0.1666666666666666	0.1666666666666666	Migut.A00299.1	Migut.A00294.1
Migut.A00298.1__Migut.A00299.1	911.7	339.3	0.9065217391304348	0.5699440447641887	1380.0	0.2413	0.2009	1.2012	GF00000006	egu1000.fasta_00298	egu1000.fasta_00297	-2759.575452	0.0	1.26985	1.26985	1251.0	1.5051	0.1666666666666666	0.1666666666666666	Migut.A00299.1	Migut.A00298.1
Migut.A00292.1__Migut.A00299.1	922.8	328.2	0.9065217391304348	0.5699440447641887	1380.0	0.2371	0.2022	1.1726	GF00000006	egu1000.fasta_00291	egu1000.fasta_00298	-2764.950643	0.0	1.26985	1.26985	1251.0	1.4477	0.1666666666666666	0.1666666666666666	Migut.A00292.1	Migut.A00299.1
Migut.A00296.1__Migut.A00299.1	919.2	331.8	0.9065217391304348	0.5699440447641887	1380.0	0.235	0.1822	1.29	GF00000006	egu1000.fasta_00295	egu1000.fasta_00298	-2766.536772	0.0	1.26985	1.26985	1251.0	1.5443	0.1666666666666666	0.1666666666666666	Migut.A00296.1	Migut.A00299.1
Migut.A00297.1__Migut.A00299.1	913.5	337.5	0.9065217391304348	0.5699440447641887	1380.0	0.2381	0.189	1.2595	GF00000006	egu1000.fasta_00296	egu1000.fasta_00298	-2760.97166	0.0	1.26985	1.26985	1251.0	1.541	0.1666666666666666	0.1666666666666666	Migut.A00297.1	Migut.A00299.1
Migut.A00293.1__Migut.A00299.1	907.9	343.1	0.9065217391304348	0.5699440447641887	1380.0	0.2505	0.1696	1.4768	GF00000006	egu1000.fasta_00292	egu1000.fasta_00298	-2783.326771	0.0	1.26985	1.26985	1251.0	1.7604	0.1666666666666666	0.1666666666666666	Migut.A00293.1	Migut.A00299.1
Migut.A00292.1__Migut.A00294.1	912.5	338.5	0.9065217391304348	0.5699440447641887	1380.0	0.1549	0.2981	0.5197	GF00000006	egu1000.fasta_00291	egu1000.fasta_00293	-2523.574504	1.0	0.6686125	0.6686125	1251.0	0.7609	0.125	0.125	Migut.A00292.1	Migut.A00294.1
Migut.A00292.1__Migut.A00298.1	912.5	338.5	0.9065217391304348	0.5699440447641887	1380.0	0.1549	0.2944	0.5262	GF00000006	egu1000.fasta_00291	egu1000.fasta_00297	-2525.318873	1.0	0.6686125	0.6686125	1251.0	0.766	0.125	0.125	Migut.A00292.1	Migut.A00298.1
Migut.A00294.1__Migut.A00296.1	908.8	342.2	0.9065217391304348	0.5699440447641887	1380.0	0.152	0.2803	0.5422	GF00000006	egu1000.fasta_00295	egu1000.fasta_00293	-2519.274967	1.0	0.6686125	0.6686125	1251.0	0.7761	0.125	0.125	Migut.A00296.1	Migut.A00294.1
Migut.A00296.1__Migut.A00298.1	908.8	342.2	0.9065217391304348	0.5699440447641887	1380.0	0.1519	0.2768	0.5489	GF00000006	egu1000.fasta_00295	egu1000.fasta_00297	-2520.968895	1.0	0.6686125	0.6686125	1251.0	0.7816	0.125	0.125	Migut.A00296.1	Migut.A00298.1
Migut.A00292.1__Migut.A00297.1	913.2	337.8	0.9065217391304348	0.5699440447641887	1380.0	0.1614	0.2121	0.7611	GF00000006	egu1000.fasta_00296	egu1000.fasta_00291	-2579.49266	1.0	0.6686125	0.6686125	1251.0	0.97	0.125	0.125	Migut.A00297.1	Migut.A00292.1
Migut.A00296.1__Migut.A00297.1	908.4	342.6	0.9065217391304348	0.5699440447641887	1380.0	0.158	0.1922	0.8219	GF00000006	egu1000.fasta_00296	egu1000.fasta_00295	-2575.271742	1.0	0.6686125	0.6686125	1251.0	1.0193	0.125	0.125	Migut.A00297.1	Migut.A00296.1
Migut.A00292.1__Migut.A00293.1	915.1	335.9	0.9065217391304348	0.5699440447641887	1380.0	0.1615	0.201	0.8035	GF00000006	egu1000.fasta_00292	egu1000.fasta_00291	-2589.14664	1.0	0.6686125	0.6686125	1251.0	1.0015	0.125	0.125	Migut.A00293.1	Migut.A00292.1
Migut.A00293.1__Migut.A00296.1	912.5	338.5	0.9065217391304348	0.5699440447641887	1380.0	0.1571	0.1903	0.8254	GF00000006	egu1000.fasta_00292	egu1000.fasta_00295	-2578.926085	1.0	0.6686125	0.6686125	1251.0	1.0137	0.125	0.125	Migut.A00293.1	Migut.A00296.1
Migut.A00292.1__Migut.A00296.1	913.4	337.6	0.9065217391304348	0.5699440447641887	1380.0	0.0133	0.1789	0.0743	GF00000006	egu1000.fasta_00295	egu1000.fasta_00291	-1876.210629	5.0	0.0743	0.0743	1251.0	0.0893	1.0	1.0	Migut.A00296.1	Migut.A00292.1
Migut.A00294.1__Migut.A00297.1	898.5	352.5	0.9065217391304348	0.5699440447641887	1380.0	0.0795	0.1844	0.4312	GF00000006	egu1000.fasta_00296	egu1000.fasta_00293	-2314.384636	2.0	0.4544	0.4544	1251.0	0.5358	0.25	0.25	Migut.A00297.1	Migut.A00294.1
Migut.A00297.1__Migut.A00298.1	899.2	351.8	0.9065217391304348	0.5699440447641887	1380.0	0.0795	0.1865	0.4261	GF00000006	egu1000.fasta_00296	egu1000.fasta_00297	-2312.377476	2.0	0.4544	0.4544	1251.0	0.5308	0.25	0.25	Migut.A00297.1	Migut.A00298.1
Migut.A00293.1__Migut.A00294.1	897.2	353.8	0.9065217391304348	0.5699440447641887	1380.0	0.084	0.1738	0.4831	GF00000006	egu1000.fasta_00292	egu1000.fasta_00293	-2341.812676	2.0	0.4544	0.4544	1251.0	0.5905	0.25	0.25	Migut.A00293.1	Migut.A00294.1
Migut.A00293.1__Migut.A00298.1	898.0	353.0	0.9065217391304348	0.5699440447641887	1380.0	0.0839	0.1758	0.4772	GF00000006	egu1000.fasta_00292	egu1000.fasta_00297	-2339.818022	2.0	0.4544	0.4544	1251.0	0.5847	0.25	0.25	Migut.A00293.1	Migut.A00298.1
Migut.A00293.1__Migut.A00297.1	910.4	340.6	0.9065217391304348	0.5699440447641887	1380.0	0.0154	0.1228	0.1251	GF00000006	egu1000.fasta_00292	egu1000.fasta_00296	-1930.593152	3.0	0.1251	0.1251	1251.0	0.1357	1.0	1.0	Migut.A00293.1	Migut.A00297.1
Migut.A00316.1__Migut.A00341.1	686.1	219.9	0.5180102915951973	0.5044150110375276	1749.0	0.3061	0.1351	2.2658	GF00000007	egu1000.fasta_00315	egu1000.fasta_00340	-2031.526445	0.0	3.2325000000000004	3.2325000000000004	906.0	2.3452	0.2	0.2	Migut.A00316.1	Migut.A00341.1
Migut.A00316.1__Migut.A00345.1	687.9	218.1	0.5180102915951973	0.5044150110375276	1749.0	0.2891	0.087	3.3226	GF00000007	egu1000.fasta_00344	egu1000.fasta_00315	-2026.13925	0.0	3.2325000000000004	3.2325000000000004	906.0	3.0579	0.2	0.2	Migut.A00345.1	Migut.A00316.1
Migut.A00316.1__Migut.A00350.1	688.1	217.9	0.5180102915951973	0.5044150110375276	1749.0	0.2797	0.0749	3.7355	GF00000007	egu1000.fasta_00349	egu1000.fasta_00315	-2020.743473	0.0	3.2325000000000004	3.2325000000000004	906.0	3.3322	0.2	0.2	Migut.A00350.1	Migut.A00316.1
Migut.A00316.1__Migut.A00339.1	693.9	212.1	0.5180102915951973	0.5044150110375276	1749.0	0.3114	0.1447	2.1523	GF00000007	egu1000.fasta_00338	egu1000.fasta_00315	-2042.641164	0.0	3.2325000000000004	3.2325000000000004	906.0	2.2271	0.2	0.2	Migut.A00339.1	Migut.A00316.1
Migut.A00316.1__Migut.A00373.1	682.4	223.6	0.5180102915951973	0.5044150110375276	1749.0	0.3096	0.0661	4.6863	GF00000007	egu1000.fasta_00372	egu1000.fasta_00315	-2043.030956	0.0	3.2325000000000004	3.2325000000000004	906.0	4.1691	0.2	0.2	Migut.A00373.1	Migut.A00316.1
Migut.A00341.1__Migut.A00345.1	667.8	238.2	0.5180102915951973	0.5044150110375276	1749.0	0.1278	0.3332	0.3836	GF00000007	egu1000.fasta_00344	egu1000.fasta_00340	-1724.453689	2.0	0.3879249999999999	0.3879249999999999	906.0	0.5852	0.25	0.25	Migut.A00345.1	Migut.A00341.1
Migut.A00339.1__Migut.A00345.1	668.5	237.5	0.5180102915951973	0.5044150110375276	1749.0	0.1464	0.3734	0.3922	GF00000007	egu1000.fasta_00338	egu1000.fasta_00344	-1752.492729	2.0	0.3879249999999999	0.3879249999999999	906.0	0.6325	0.25	0.25	Migut.A00339.1	Migut.A00345.1
Migut.A00341.1__Migut.A00373.1	665.7	240.3	0.5180102915951973	0.5044150110375276	1749.0	0.1415	0.3688	0.3837	GF00000007	egu1000.fasta_00372	egu1000.fasta_00340	-1744.217227	2.0	0.3879249999999999	0.3879249999999999	906.0	0.6172	0.25	0.25	Migut.A00373.1	Migut.A00341.1
Migut.A00339.1__Migut.A00373.1	666.6	239.4	0.5180102915951973	0.5044150110375276	1749.0	0.1606	0.4095	0.3922	GF00000007	egu1000.fasta_00372	egu1000.fasta_00338	-1771.465773	2.0	0.3879249999999999	0.3879249999999999	906.0	0.6654	0.25	0.25	Migut.A00373.1	Migut.A00339.1
Migut.A00341.1__Migut.A00350.1	668.5	237.5	0.5180102915951973	0.5044150110375276	1749.0	0.2139	0.3282	0.6518	GF00000007	egu1000.fasta_00349	egu1000.fasta_00340	-1887.999102	1.0	0.7139	0.7139	906.0	0.986	0.25	0.25	Migut.A00350.1	Migut.A00341.1
Migut.A00345.1__Migut.A00350.1	672.5	233.5	0.5180102915951973	0.5044150110375276	1749.0	0.2217	0.3003	0.7383	GF00000007	egu1000.fasta_00349	egu1000.fasta_00344	-1912.176609	1.0	0.7139	0.7139	906.0	1.0645	0.25	0.25	Migut.A00350.1	Migut.A00345.1
Migut.A00339.1__Migut.A00350.1	672.1	233.9	0.5180102915951973	0.5044150110375276	1749.0	0.2272	0.2998	0.7578	GF00000007	egu1000.fasta_00338	egu1000.fasta_00349	-1919.728603	1.0	0.7139	0.7139	906.0	1.0925	0.25	0.25	Migut.A00339.1	Migut.A00350.1
Migut.A00350.1__Migut.A00373.1	669.6	236.4	0.5180102915951973	0.5044150110375276	1749.0	0.2381	0.3365	0.7077	GF00000007	egu1000.fasta_00372	egu1000.fasta_00349	-1923.58521	1.0	0.7139	0.7139	906.0	1.0821	0.25	0.25	Migut.A00373.1	Migut.A00350.1
Migut.A00339.1__Migut.A00341.1	660.6	245.4	0.5180102915951973	0.5044150110375276	1749.0	0.0471	0.3229	0.1459	GF00000007	egu1000.fasta_00338	egu1000.fasta_00340	-1480.426232	3.0	0.1459	0.1459	906.0	0.2216	1.0	1.0	Migut.A00339.1	Migut.A00341.1
Migut.A00345.1__Migut.A00373.1	669.6	236.4	0.5180102915951973	0.5044150110375276	1749.0	0.0121	0.3775	0.032	GF00000007	egu1000.fasta_00372	egu1000.fasta_00344	-1299.763129	4.0	0.032	0.032	906.0	0.0519	1.0	1.0	Migut.A00373.1	Migut.A00345.1
Migut.A00488.1__Migut.A00492.1	NaN	NaN	NaN	NaN	NaN	NaN	NaN	NaN	GF00000008	egu1000.fasta_00491	egu1000.fasta_00487	NaN	NaN	NaN	NaN	NaN	NaN	NaN	NaN	Migut.A00492.1	Migut.A00488.1
Migut.A00492.1__Migut.A00493.1	NaN	NaN	NaN	NaN	NaN	NaN	NaN	NaN	GF00000008	egu1000.fasta_00491	egu1000.fasta_00492	NaN	NaN	NaN	NaN	NaN	NaN	NaN	NaN	Migut.A00492.1	Migut.A00493.1
Migut.A00489.1__Migut.A00492.1	NaN	NaN	NaN	NaN	NaN	NaN	NaN	NaN	GF00000008	egu1000.fasta_00491	egu1000.fasta_00488	NaN	NaN	NaN	NaN	NaN	NaN	NaN	NaN	Migut.A00492.1	Migut.A00489.1
Migut.A00491.1__Migut.A00492.1	NaN	NaN	NaN	NaN	NaN	NaN	NaN	NaN	GF00000008	egu1000.fasta_00491	egu1000.fasta_00490	NaN	NaN	NaN	NaN	NaN	NaN	NaN	NaN	Migut.A00492.1	Migut.A00491.1
Migut.A00490.1__Migut.A00492.1	NaN	NaN	NaN	NaN	NaN	NaN	NaN	NaN	GF00000008	egu1000.fasta_00491	egu1000.fasta_00489	NaN	NaN	NaN	NaN	NaN	NaN	NaN	NaN	Migut.A00492.1	Migut.A00490.1
Migut.A00488.1__Migut.A00493.1	NaN	NaN	NaN	NaN	NaN	NaN	NaN	NaN	GF00000008	egu1000.fasta_00487	egu1000.fasta_00492	NaN	NaN	NaN	NaN	NaN	NaN	NaN	NaN	Migut.A00488.1	Migut.A00493.1
Migut.A00488.1__Migut.A00489.1	NaN	NaN	NaN	NaN	NaN	NaN	NaN	NaN	GF00000008	egu1000.fasta_00487	egu1000.fasta_00488	NaN	NaN	NaN	NaN	NaN	NaN	NaN	NaN	Migut.A00488.1	Migut.A00489.1
Migut.A00488.1__Migut.A00491.1	NaN	NaN	NaN	NaN	NaN	NaN	NaN	NaN	GF00000008	egu1000.fasta_00487	egu1000.fasta_00490	NaN	NaN	NaN	NaN	NaN	NaN	NaN	NaN	Migut.A00488.1	Migut.A00491.1
Migut.A00488.1__Migut.A00490.1	NaN	NaN	NaN	NaN	NaN	NaN	NaN	NaN	GF00000008	egu1000.fasta_00487	egu1000.fasta_00489	NaN	NaN	NaN	NaN	NaN	NaN	NaN	NaN	Migut.A00488.1	Migut.A00490.1
Migut.A00489.1__Migut.A00493.1	NaN	NaN	NaN	NaN	NaN	NaN	NaN	NaN	GF00000008	egu1000.fasta_00492	egu1000.fasta_00488	NaN	NaN	NaN	NaN	NaN	NaN	NaN	NaN	Migut.A00493.1	Migut.A00489.1
Migut.A00491.1__Migut.A00493.1	NaN	NaN	NaN	NaN	NaN	NaN	NaN	NaN	GF00000008	egu1000.fasta_00492	egu1000.fasta_00490	NaN	NaN	NaN	NaN	NaN	NaN	NaN	NaN	Migut.A00493.1	Migut.A00491.1
Migut.A00490.1__Migut.A00493.1	NaN	NaN	NaN	NaN	NaN	NaN	NaN	NaN	GF00000008	egu1000.fasta_00492	egu1000.fasta_00489	NaN	NaN	NaN	NaN	NaN	NaN	NaN	NaN	Migut.A00493.1	Migut.A00490.1
Migut.A00489.1__Migut.A00491.1	NaN	NaN	NaN	NaN	NaN	NaN	NaN	NaN	GF00000008	egu1000.fasta_00488	egu1000.fasta_00490	NaN	NaN	NaN	NaN	NaN	NaN	NaN	NaN	Migut.A00489.1	Migut.A00491.1
Migut.A00489.1__Migut.A00490.1	NaN	NaN	NaN	NaN	NaN	NaN	NaN	NaN	GF00000008	egu1000.fasta_00488	egu1000.fasta_00489	NaN	NaN	NaN	NaN	NaN	NaN	NaN	NaN	Migut.A00489.1	Migut.A00490.1
Migut.A00490.1__Migut.A00491.1	NaN	NaN	NaN	NaN	NaN	NaN	NaN	NaN	GF00000008	egu1000.fasta_00490	egu1000.fasta_00489	NaN	NaN	NaN	NaN	NaN	NaN	NaN	NaN	Migut.A00491.1	Migut.A00490.1
Migut.A00418.1__Migut.A00421.1	1596.0	582.0	0.7925764192139738	0.8512396694214877	2748.0	0.1089	0.7588	0.1436	GF00000009	egu1000.fasta_00417	egu1000.fasta_00420	-3887.140508	0.0	0.1465	0.1465	2178.0	0.3546	0.3333333333333333	0.3333333333333333	Migut.A00418.1	Migut.A00421.1
Migut.A00420.1__Migut.A00421.1	1606.0	572.0	0.7925764192139738	0.8512396694214877	2748.0	0.1111	0.7335	0.1514	GF00000009	egu1000.fasta_00419	egu1000.fasta_00420	-3908.841849	0.0	0.1465	0.1465	2178.0	0.365	0.3333333333333333	0.3333333333333333	Migut.A00420.1	Migut.A00421.1
Migut.A00421.1__Migut.A00424.1	1600.5	577.5	0.7925764192139738	0.8512396694214877	2748.0	0.1116	0.7728	0.1445	GF00000009	egu1000.fasta_00423	egu1000.fasta_00420	-3909.126834	0.0	0.1465	0.1465	2178.0	0.361	0.3333333333333333	0.3333333333333333	Migut.A00424.1	Migut.A00421.1
Migut.A00418.1__Migut.A00420.1	1591.4	586.6	0.7925764192139738	0.8512396694214877	2748.0	0.0612	1.1337	0.054	GF00000009	egu1000.fasta_00419	egu1000.fasta_00417	-3512.984938	2.0	0.054	0.054	2178.0	0.1778	1.0	1.0	Migut.A00420.1	Migut.A00418.1
Migut.A00418.1__Migut.A00424.1	1577.8	600.2	0.7925764192139738	0.8512396694214877	2748.0	0.0613	1.3143	0.0466	GF00000009	egu1000.fasta_00423	egu1000.fasta_00417	-3497.850709	1.0	0.04825	0.04825	2178.0	0.1717	0.5	0.5	Migut.A00424.1	Migut.A00418.1
Migut.A00420.1__Migut.A00424.1	1579.6	598.4	0.7925764192139738	0.8512396694214877	2748.0	0.0705	1.4136	0.0499	GF00000009	egu1000.fasta_00423	egu1000.fasta_00419	-3553.413862	1.0	0.04825	0.04825	2178.0	0.1946	0.5	0.5	Migut.A00424.1	Migut.A00420.1
Migut.A00366.1__Migut.A00367.1	1542.2	527.8	0.8394160583941606	0.5705314009661836	2466.0	0.1474	0.3194	0.4614	GF00000010	egu1000.fasta_00366	egu1000.fasta_00365	-4093.286981	1.0	0.403	0.403	2070.0	0.6823	0.5	0.5	Migut.A00367.1	Migut.A00366.1
Migut.A00367.1__Migut.A00370.1	1535.5	534.5	0.8394160583941606	0.5705314009661836	2466.0	0.1409	0.409	0.3446	GF00000010	egu1000.fasta_00369	egu1000.fasta_00366	-4009.005601	1.0	0.403	0.403	2070.0	0.5805	0.5	0.5	Migut.A00370.1	Migut.A00367.1
Migut.A00365.1__Migut.A00366.1	1543.9	526.1	0.8394160583941606	0.5705314009661836	2466.0	0.3348	0.2809	1.1919	GF00000010	egu1000.fasta_00364	egu1000.fasta_00365	-4713.649247	0.0	1.3222666666666667	1.3222666666666667	2070.0	1.6579	0.3333333333333333	0.3333333333333333	Migut.A00365.1	Migut.A00366.1
Migut.A00365.1__Migut.A00367.1	1532.5	537.5	0.8394160583941606	0.5705314009661836	2466.0	0.3565	0.2488	1.4332	GF00000010	egu1000.fasta_00364	egu1000.fasta_00366	-4789.29712	0.0	1.3222666666666667	1.3222666666666667	2070.0	1.9083	0.3333333333333333	0.3333333333333333	Migut.A00365.1	Migut.A00367.1
Migut.A00365.1__Migut.A00370.1	1543.6	526.4	0.8394160583941606	0.5705314009661836	2466.0	0.3493	0.2603	1.3417	GF00000010	egu1000.fasta_00369	egu1000.fasta_00364	-4769.706327	0.0	1.3222666666666667	1.3222666666666667	2070.0	1.805	0.3333333333333333	0.3333333333333333	Migut.A00370.1	Migut.A00365.1
Migut.A00366.1__Migut.A00370.1	1527.9	542.1	0.8394160583941606	0.5705314009661836	2466.0	0.0774	0.467	0.1658	GF00000010	egu1000.fasta_00369	egu1000.fasta_00365	-3577.675009	2.0	0.1658	0.1658	2070.0	0.3017	1.0	1.0	Migut.A00370.1	Migut.A00366.1
Migut.A00208.1__Migut.A00209.1	936.6	281.4	0.6393700787401575	0.3201970443349753	1905.0	0.2147	0.141	1.523	GF00000011	egu1000.fasta_00208	egu1000.fasta_00207	-2646.55763	1.0	1.523	1.523	1218.0	1.5509	1.0	1.0	Migut.A00209.1	Migut.A00208.1
Migut.A00026.1__Migut.A00208.1	932.0	286.0	0.6393700787401575	0.3201970443349753	1905.0	0.5985	0.0196	30.4905	GF00000011	egu1000.fasta_00025	egu1000.fasta_00207	-3063.12609	0.0	4.0715	28.145	1218.0	22.8505	NaN	0.25	Migut.A00026.1	Migut.A00208.1
Migut.A00026.1__Migut.A00209.1	931.5	286.5	0.6393700787401575	0.3201970443349753	1905.0	0.5619	0.0551	10.1915	GF00000011	egu1000.fasta_00025	egu1000.fasta_00208	-3051.87973	0.0	4.0715	28.145	1218.0	8.4808	NaN	0.25	Migut.A00026.1	Migut.A00209.1
Migut.A00025.1__Migut.A00208.1	927.5	290.5	0.6393700787401575	0.3201970443349753	1905.0	0.6405	0.0094	67.8265	GF00000011	egu1000.fasta_00024	egu1000.fasta_00207	-3081.960587	0.0	4.0715	28.145	1218.0	50.0	NaN	0.25	Migut.A00025.1	Migut.A00208.1
Migut.A00025.1__Migut.A00209.1	921.7	296.3	0.6393700787401575	0.3201970443349753	1905.0	0.6471	0.1589	4.0715	GF00000011	egu1000.fasta_00024	egu1000.fasta_00208	-3090.301021	0.0	4.0715	28.145	1218.0	4.4402	1.0	0.25	Migut.A00025.1	Migut.A00209.1
Migut.A00025.1__Migut.A00026.1	918.9	299.1	0.6393700787401575	0.3201970443349753	1905.0	0.4129	0.0069	59.6141	GF00000011	egu1000.fasta_00024	egu1000.fasta_00025	-2951.265352	2.0	NaN	59.6141	1218.0	44.8526	NaN	1.0	Migut.A00025.1	Migut.A00026.1
Migut.A00095.1__Migut.A00096.1	749.0	301.0	0.6862745098039216	0.3628571428571429	1530.0	0.2082	0.3349	0.6217	GF00000012	egu1000.fasta_00095	egu1000.fasta_00094	-2196.076326	1.0	0.6217	0.6217	1050.0	0.9802	1.0	1.0	Migut.A00096.1	Migut.A00095.1
Migut.A00095.1__Migut.A00098.1	782.1	267.9	0.6862745098039216	0.3628571428571429	1530.0	0.4821	0.1424	3.3857	GF00000012	egu1000.fasta_00097	egu1000.fasta_00094	-2563.439005	0.0	3.507733333333333	5.81075	1050.0	3.6689	0.3333333333333333	0.25	Migut.A00098.1	Migut.A00095.1
Migut.A00096.1__Migut.A00098.1	763.4	286.6	0.6862745098039216	0.3628571428571429	1530.0	0.4774	0.0375	12.7198	GF00000012	egu1000.fasta_00097	egu1000.fasta_00095	-2559.410336	0.0	3.507733333333333	5.81075	1050.0	11.4553	NaN	0.25	Migut.A00098.1	Migut.A00096.1
Migut.A00095.1__Migut.A00097.1	766.9	283.1	0.6862745098039216	0.3628571428571429	1530.0	0.5167	0.1454	3.5541	GF00000012	egu1000.fasta_00096	egu1000.fasta_00094	-2588.75743	0.0	3.507733333333333	5.81075	1050.0	4.007	0.3333333333333333	0.25	Migut.A00097.1	Migut.A00095.1
Migut.A00096.1__Migut.A00097.1	768.1	281.9	0.6862745098039216	0.3628571428571429	1530.0	0.4555	0.1271	3.5834	GF00000012	egu1000.fasta_00096	egu1000.fasta_00095	-2555.925205	0.0	3.507733333333333	5.81075	1050.0	3.8855	0.3333333333333333	0.25	Migut.A00097.1	Migut.A00096.1
Migut.A00097.1__Migut.A00098.1	773.6	276.4	0.6862745098039216	0.3628571428571429	1530.0	0.513	0.0083	61.8678	GF00000012	egu1000.fasta_00096	egu1000.fasta_00097	-2588.80862	2.0	NaN	61.8678	1050.0	50.0	NaN	1.0	Migut.A00097.1	Migut.A00098.1
Migut.A00106.1__Migut.A00153.1	573.6	176.4	0.423728813559322	0.2066666666666666	1770.0	0.8083	0.0118	68.2216	GF00000013	egu1000.fasta_00152	egu1000.fasta_00105	-1936.763575	0.0	NaN	48.84896666666666	750.0	50.0	NaN	0.3333333333333333	Migut.A00153.1	Migut.A00106.1
Migut.A00153.1__Migut.A00399.1	579.2	170.8	0.423728813559322	0.2066666666666666	1770.0	1.0785	0.1121	9.6202	GF00000013	egu1000.fasta_00398	egu1000.fasta_00152	-1959.876972	0.0	NaN	48.84896666666666	750.0	9.0712	NaN	0.3333333333333333	Migut.A00399.1	Migut.A00153.1
Migut.A00153.1__Migut.A00361.1	575.8	174.2	0.423728813559322	0.2066666666666666	1770.0	0.9179	0.0134	68.7051	GF00000013	egu1000.fasta_00360	egu1000.fasta_00152	-1955.852554	0.0	NaN	48.84896666666666	750.0	50.0	NaN	0.3333333333333333	Migut.A00361.1	Migut.A00153.1
Migut.A00106.1__Migut.A00399.1	569.3	180.7	0.423728813559322	0.2066666666666666	1770.0	0.6863	0.0102	67.0219	GF00000013	egu1000.fasta_00398	egu1000.fasta_00105	-1908.921594	1.0	NaN	66.72489999999999	750.0	50.0	NaN	0.5	Migut.A00399.1	Migut.A00106.1
Migut.A00106.1__Migut.A00361.1	568.2	181.8	0.423728813559322	0.2066666666666666	1770.0	0.7466	0.0112	66.4279	GF00000013	egu1000.fasta_00360	egu1000.fasta_00105	-1926.390784	1.0	NaN	66.72489999999999	750.0	50.0	NaN	0.5	Migut.A00361.1	Migut.A00106.1
Migut.A00361.1__Migut.A00399.1	576.3	173.7	0.423728813559322	0.2066666666666666	1770.0	0.7068	0.0102	69.6054	GF00000013	egu1000.fasta_00360	egu1000.fasta_00398	-1912.959086	2.0	NaN	69.6054	750.0	50.0	NaN	1.0	Migut.A00361.1	Migut.A00399.1
Migut.A00109.1__Migut.A00185.1	576.2	179.8	0.4057971014492754	0.2738095238095238	1863.0	0.8219	0.0122	67.4622	GF00000014	egu1000.fasta_00184	egu1000.fasta_00108	-1956.794767	0.0	NaN	62.42895	756.0	50.0	NaN	0.5	Migut.A00185.1	Migut.A00109.1
Migut.A00109.1__Migut.A00334.1	577.2	178.8	0.4057971014492754	0.2738095238095238	1863.0	0.6594	0.0115	57.3957	GF00000014	egu1000.fasta_00333	egu1000.fasta_00108	-1910.782395	0.0	NaN	62.42895	756.0	42.2238	NaN	0.5	Migut.A00334.1	Migut.A00109.1
Migut.A00185.1__Migut.A00334.1	571.3	184.7	0.4057971014492754	0.2738095238095238	1863.0	0.6923	0.0105	66.0666	GF00000014	egu1000.fasta_00333	egu1000.fasta_00184	-1936.063754	1.0	NaN	66.0666	756.0	50.0	NaN	1.0	Migut.A00334.1	Migut.A00185.1
Migut.A00394.1__Migut.A00499.1	805.4	271.6	0.7053045186640472	0.3472609099350046	1527.0	0.7561	0.0118	63.845	GF00000015	egu1000.fasta_00498	egu1000.fasta_00393	-2792.458782	0.0	NaN	63.89505	1077.0	50.0	NaN	0.5	Migut.A00499.1	Migut.A00394.1
Migut.A00394.1__Migut.A00498.1	807.8	269.2	0.7053045186640472	0.3472609099350046	1527.0	0.9072	0.0142	63.9451	GF00000015	egu1000.fasta_00497	egu1000.fasta_00393	-2817.323565	0.0	NaN	63.89505	1077.0	50.0	NaN	0.5	Migut.A00498.1	Migut.A00394.1
Migut.A00498.1__Migut.A00499.1	778.0	299.0	0.7053045186640472	0.3472609099350046	1527.0	0.2748	0.2615	1.051	GF00000015	egu1000.fasta_00497	egu1000.fasta_00498	-2409.323207	1.0	1.051	1.051	1077.0	1.4709	1.0	1.0	Migut.A00498.1	Migut.A00499.1
Migut.A00305.1__Migut.A00306.1	194.6	57.4	0.1186440677966101	0.8928571428571429	2124.0	0.0797	0.513	0.1554	GF00000016	egu1000.fasta_00304	egu1000.fasta_00305	-425.520808	0.0	0.15645	0.15645	252.0	0.2909	0.5	0.5	Migut.A00305.1	Migut.A00306.1
Migut.A00306.1__Migut.A00322.1	194.6	57.4	0.1186440677966101	0.8928571428571429	2124.0	0.0616	0.3909	0.1575	GF00000016	egu1000.fasta_00321	egu1000.fasta_00305	-414.330176	0.0	0.15645	0.15645	252.0	0.2504	0.5	0.5	Migut.A00322.1	Migut.A00306.1
Migut.A00305.1__Migut.A00322.1	194.6	57.4	0.1186440677966101	0.8928571428571429	2124.0	0.0373	0.317	0.1176	GF00000016	egu1000.fasta_00321	egu1000.fasta_00304	-381.503527	1.0	0.1176	0.1176	252.0	0.1667	1.0	1.0	Migut.A00322.1	Migut.A00305.1
Migut.A00419.1__Migut.A00425.1	179.5	66.5	0.3003663003663003	0.9634146341463414	819.0	0.0111	0.3226	0.0345	GF00000017	egu1000.fasta_00424	egu1000.fasta_00418	-347.687719	0.0	0.1067	0.1067	246.0	0.0524	0.5	0.5	Migut.A00425.1	Migut.A00419.1
Migut.A00423.1__Migut.A00425.1	196.6	49.4	0.3003663003663003	0.9634146341463414	819.0	0.01	0.0559	0.1789	GF00000017	egu1000.fasta_00422	egu1000.fasta_00424	-366.310167	0.0	0.1067	0.1067	246.0	0.1319	0.5	0.5	Migut.A00423.1	Migut.A00425.1
Migut.A00419.1__Migut.A00423.1	203.1	42.9	0.3003663003663003	0.9634146341463414	819.0	0.0002	0.001	0.1767	GF00000017	egu1000.fasta_00422	egu1000.fasta_00418	-350.211067	1.0	0.1767	0.1767	246.0	0.093	1.0	1.0	Migut.A00423.1	Migut.A00419.1
Migut.A00124.1__Migut.A00476.1	319.2	103.8	0.4982332155477031	0.5650118203309693	849.0	0.6451	0.5948	1.0845	GF00000018	egu1000.fasta_00123	egu1000.fasta_00475	-1044.679669	0.0	1.0806	1.0806	423.0	2.2589	0.5	0.5	Migut.A00124.1	Migut.A00476.1
Migut.A00239.1__Migut.A00476.1	319.1	103.9	0.4982332155477031	0.5650118203309693	849.0	0.654	0.6074	1.0767	GF00000018	egu1000.fasta_00238	egu1000.fasta_00475	-1046.106266	0.0	1.0806	1.0806	423.0	2.2734	0.5	0.5	Migut.A00239.1	Migut.A00476.1
Migut.A00124.1__Migut.A00239.1	342.9	80.1	0.4982332155477031	0.5650118203309693	849.0	0.0029	99.0	0.0	GF00000018	egu1000.fasta_00238	egu1000.fasta_00123	-569.455313	1.0	0.0	0.0	423.0	0.007	1.0	1.0	Migut.A00239.1	Migut.A00124.1
Migut.A00206.1__Migut.A00330.1	316.5	82.5	0.5155038759689923	0.2631578947368421	774.0	0.7056	0.0091	77.8611	GF00000019	egu1000.fasta_00329	egu1000.fasta_00205	-997.806209	1.0	NaN	77.8611	399.0	50.0	NaN	1.0	Migut.A00330.1	Migut.A00206.1
Migut.A00047.1__Migut.A00206.1	310.0	89.0	0.5155038759689923	0.2631578947368421	774.0	0.9052	0.0208	43.6036	GF00000019	egu1000.fasta_00046	egu1000.fasta_00205	-1042.147581	0.0	NaN	59.85195	399.0	31.2844	NaN	0.5	Migut.A00047.1	Migut.A00206.1
Migut.A00047.1__Migut.A00330.1	314.6	84.4	0.5155038759689923	0.2631578947368421	774.0	0.7291	0.0096	76.1003	GF00000019	egu1000.fasta_00046	egu1000.fasta_00329	-1018.179448	0.0	NaN	59.85195	399.0	50.0	NaN	0.5	Migut.A00047.1	Migut.A00330.1
Migut.A00280.1__Migut.A00290.1	3087.0	1140.0	0.9784722222222222	0.5900165602081855	4320.0	0.3265	0.0054	60.9123	GF00000020	egu1000.fasta_00289	egu1000.fasta_00279	-9888.147866	0.0	NaN	60.9123	4227.0	50.0	NaN	1.0	Migut.A00290.1	Migut.A00280.1
Migut.A00072.1__Migut.A00442.1	1380.7	524.3	0.5252274607113316	0.394750656167979	3627.0	1.0149	0.0175	57.8827	GF00000021	egu1000.fasta_00441	egu1000.fasta_00071	-4998.326695	0.0	NaN	57.8827	1905.0	50.0	NaN	1.0	Migut.A00442.1	Migut.A00072.1
Migut.A00088.1__Migut.A00089.1	1634.1	522.9	0.9374185136897	0.8386648122392212	2301.0	0.1065	0.198	0.5379	GF00000022	egu1000.fasta_00087	egu1000.fasta_00088	-4081.206995	0.0	0.5379	0.5379	2157.0	0.6334	1.0	1.0	Migut.A00088.1	Migut.A00089.1
Migut.A00258.1__Migut.A00308.1	1311.4	446.6	0.6425438596491229	0.5039817974971559	2736.0	0.5236	0.0082	64.0659	GF00000023	egu1000.fasta_00307	egu1000.fasta_00257	-4392.520715	0.0	NaN	64.0659	1758.0	50.0	NaN	1.0	Migut.A00308.1	Migut.A00258.1
Migut.A00302.1__Migut.A00331.1	1156.4	340.6	0.9089253187613844	0.5818303273213092	1647.0	0.3146	0.0044	72.1771	GF00000024	egu1000.fasta_00301	egu1000.fasta_00330	-3486.805465	0.0	NaN	72.1771	1497.0	50.0	NaN	1.0	Migut.A00302.1	Migut.A00331.1
Migut.A00387.1__Migut.A00388.1	1113.8	422.2	0.9961089494163424	0.8743489583333334	1542.0	0.0991	0.3559	0.2784	GF00000025	egu1000.fasta_00387	egu1000.fasta_00386	-2819.143847	0.0	0.2784	0.2784	1536.0	0.4451	1.0	1.0	Migut.A00388.1	Migut.A00387.1
Migut.A00123.1__Migut.A00238.1	1099.2	388.8	0.9429657794676806	0.989247311827957	1578.0	0.0064	0.2549	0.025	GF00000026	egu1000.fasta_00237	egu1000.fasta_00122	-2100.871665	0.0	0.025	0.025	1488.0	0.0337	1.0	1.0	Migut.A00238.1	Migut.A00123.1
Migut.A00164.1__Migut.A00232.1	573.1	143.9	0.2428861788617886	0.4504881450488145	2952.0	0.831	0.1436	5.7862	GF00000027	egu1000.fasta_00163	egu1000.fasta_00231	-1830.031426	0.0	NaN	5.7862	717.0	5.4764	NaN	1.0	Migut.A00164.1	Migut.A00232.1
Migut.A00150.1__Migut.A00151.1	1122.7	311.3	0.9937629937629938	0.8688981868898187	1443.0	0.0702	0.1272	0.5517	GF00000028	egu1000.fasta_00149	egu1000.fasta_00150	-2540.197775	0.0	0.5517	0.5517	1434.0	0.5241	1.0	1.0	Migut.A00150.1	Migut.A00151.1
Migut.A00291.1__Migut.A00295.1	922.3	331.7	0.8116504854368932	0.8843700159489634	1545.0	0.1119	0.6358	0.176	GF00000029	egu1000.fasta_00290	egu1000.fasta_00294	-2298.809772	0.0	0.176	0.176	1254.0	0.3866	1.0	1.0	Migut.A00291.1	Migut.A00295.1
Migut.A00240.1__Migut.A00287.1	912.3	299.7	0.928735632183908	0.5948844884488449	1305.0	0.3514	0.0053	66.3233	GF00000030	egu1000.fasta_00239	egu1000.fasta_00286	-2861.480479	0.0	NaN	66.3233	1212.0	50.0	NaN	1.0	Migut.A00240.1	Migut.A00287.1
Migut.A00085.1__Migut.A00086.1	713.1	231.9	0.6176470588235294	0.8634920634920635	1530.0	0.1198	0.4374	0.274	GF00000031	egu1000.fasta_00085	egu1000.fasta_00084	-1789.029405	0.0	0.274	0.274	945.0	0.473	1.0	1.0	Migut.A00086.1	Migut.A00085.1
Migut.A00122.1__Migut.A00125.1	831.1	287.9	0.8325892857142857	0.9892761394101875	1344.0	0.0106	0.8654	0.0122	GF00000032	egu1000.fasta_00121	egu1000.fasta_00124	-1582.922845	0.0	0.0122	0.0122	1119.0	0.033	1.0	1.0	Migut.A00122.1	Migut.A00125.1
Migut.A00023.1__Migut.A00384.1	836.4	306.6	0.9621212121212122	0.615923009623797	1188.0	0.3017	0.0123	24.4395	GF00000033	egu1000.fasta_00022	egu1000.fasta_00383	-2613.518244	0.0	NaN	24.4395	1143.0	20.3268	NaN	1.0	Migut.A00023.1	Migut.A00384.1
Migut.A00084.1__Migut.A00481.1	806.7	240.3	0.8192488262910798	0.5310410697230181	1278.0	0.6078	0.2563	2.3714	GF00000034	egu1000.fasta_00480	egu1000.fasta_00083	-2642.491135	0.0	2.3714	2.3714	1047.0	3.0376	1.0	1.0	Migut.A00481.1	Migut.A00084.1
Migut.A00279.1__Migut.A00458.1	639.7	194.3	0.5440313111545988	0.4652278177458033	1533.0	0.6433	0.0093	69.4367	GF00000035	egu1000.fasta_00457	egu1000.fasta_00278	-2120.134786	0.0	NaN	69.4367	834.0	50.0	NaN	1.0	Migut.A00458.1	Migut.A00279.1
Migut.A00406.1__Migut.A00408.1	824.1	270.9	0.9918478260869564	0.9616438356164384	1104.0	0.0211	0.2083	0.1015	GF00000036	egu1000.fasta_00405	egu1000.fasta_00407	-1668.811153	0.0	0.1015	0.1015	1095.0	0.1231	1.0	1.0	Migut.A00406.1	Migut.A00408.1
Migut.A00043.1__Migut.A00392.1	587.6	198.4	0.6770025839793282	0.4262086513994911	1161.0	0.8216	0.0545	15.0802	GF00000037	egu1000.fasta_00042	egu1000.fasta_00391	-2045.899589	0.0	NaN	15.0802	786.0	13.2648	NaN	1.0	Migut.A00043.1	Migut.A00392.1
Migut.A00061.1__Migut.A00062.1	660.7	227.3	0.891566265060241	0.7252252252252253	996.0	0.2208	0.2148	1.0278	GF00000038	egu1000.fasta_00060	egu1000.fasta_00061	-1927.3748	0.0	1.0278	1.0278	888.0	1.2821	1.0	1.0	Migut.A00061.1	Migut.A00062.1
Migut.A00116.1__Migut.A00119.1	345.2	116.8	0.7264150943396226	0.5216450216450217	636.0	0.614	0.0096	64.1082	GF00000039	egu1000.fasta_00118	egu1000.fasta_00115	-1146.330317	0.0	NaN	64.1082	462.0	50.0	NaN	1.0	Migut.A00119.1	Migut.A00116.1
Migut.A00467.1__Migut.A00469.1	321.9	131.1	0.7905759162303665	0.6247240618101545	573.0	0.3497	0.0062	56.7504	GF00000040	egu1000.fasta_00468	egu1000.fasta_00466	-1061.788775	0.0	NaN	56.7504	453.0	50.0	NaN	1.0	Migut.A00469.1	Migut.A00467.1
Migut.A00099.1__Migut.A00100.1	344.6	87.4	0.7422680412371134	0.6296296296296297	582.0	0.3143	0.02	15.6892	GF00000041	egu1000.fasta_00098	egu1000.fasta_00099	-968.219794	0.0	NaN	15.6892	432.0	10.2781	NaN	1.0	Migut.A00099.1	Migut.A00100.1
Migut.A00059.1__Migut.A00194.1	317.9	78.1	0.6502463054187192	0.5252525252525253	609.0	0.5576	0.0068	82.27	GF00000042	egu1000.fasta_00193	egu1000.fasta_00058	-975.857958	0.0	NaN	82.27	396.0	50.0	NaN	1.0	Migut.A00194.1	Migut.A00059.1
Migut.A00052.1__Migut.A00304.1	304.4	97.6	0.7528089887640449	0.5199004975124378	534.0	0.4713	0.007	67.1834	GF00000043	egu1000.fasta_00051	egu1000.fasta_00303	-1004.703085	0.0	NaN	67.1834	402.0	50.0	NaN	1.0	Migut.A00052.1	Migut.A00304.1
Migut.A00265.1__Migut.A00266.1	223.6	61.4	0.8796296296296297	0.6771929824561403	324.0	0.3023	0.2308	1.3098	GF00000044	egu1000.fasta_00265	egu1000.fasta_00264	-645.97303	0.0	1.3098	1.3098	285.0	1.5577	1.0	1.0	Migut.A00266.1	Migut.A00265.1
Migut.A00178.1__Migut.A00184.1	146.8	69.2	0.6260869565217392	0.6944444444444444	345.0	0.1983	0.0302	6.5719	GF00000045	egu1000.fasta_00177	egu1000.fasta_00183	-450.843467	0.0	NaN	6.5719	216.0	6.7175	NaN	1.0	Migut.A00178.1	Migut.A00184.1
